lot_id,node,demand
lot_1,4G,0.0169952
lot_1,5G,0.00060065
lot_2,4G,0.0170189
lot_2,5G,0.000590884
lot_3,4G,0.0170056
lot_3,5G,0.000583829
lot_4,4G,0.0170099
lot_4,5G,0.000604742
lot_5,4G,0.016989
lot_5,5G,0.000602064
lot_6,4G,0.0170054
lot_6,5G,0.000598246
lot_7,4G,0.0169951
lot_7,5G,0.000598346
lot_8,4G,0.0169907
lot_8,5G,0.000604771
lot_9,4G,0.0169986
lot_9,5G,0.000596505
lot_10,4G,0.016982
lot_10,5G,0.000635214
lot_11,4G,0.0169954
lot_11,5G,0.000595306
lot_12,4G,0.0169872
lot_12,5G,0.00061794
lot_13,4G,0.0170009
lot_13,5G,0.000582761
lot_14,4G,0.0169944
lot_14,5G,0.000609049
lot_15,4G,0.0170104
lot_15,5G,0.0005881
lot_16,4G,0.0170067
lot_16,5G,0.000593977
lot_17,4G,0.017006
lot_17,5G,0.000604457
lot_18,4G,0.0170247
lot_18,5G,0.000597034
lot_19,4G,0.0170089
lot_19,5G,0.000607399
lot_20,4G,0.0170092
lot_20,5G,0.000605795
lot_21,4G,0.0169959
lot_21,5G,0.000602445
lot_22,4G,0.0170122
lot_22,5G,0.000622323
lot_23,4G,0.0170139
lot_23,5G,0.000591228
lot_24,4G,0.0169867
lot_24,5G,0.000584588
lot_25,4G,0.0170097
lot_25,5G,0.000600096
lot_26,4G,0.016999
lot_26,5G,0.000611733
lot_27,4G,0.017
lot_27,5G,0.000590396
lot_28,4G,0.0170254
lot_28,5G,0.000588679
lot_29,4G,0.0169949
lot_29,5G,0.000581479
lot_30,4G,0.017005
lot_30,5G,0.000577795
lot_31,4G,0.0170041
lot_31,5G,0.000588994
lot_32,4G,0.0169969
lot_32,5G,0.00059897
lot_33,4G,0.0169891
lot_33,5G,0.000589715
lot_34,4G,0.0169933
lot_34,5G,0.000599223
lot_35,4G,0.0170207
lot_35,5G,0.000601247
lot_36,4G,0.017005
lot_36,5G,0.000604677
lot_37,4G,0.0170079
lot_37,5G,0.0005903
lot_38,4G,0.0170032
lot_38,5G,0.000605597
lot_39,4G,0.0169952
lot_39,5G,0.000619863
lot_40,4G,0.0170149
lot_40,5G,0.000598437
lot_41,4G,0.0169859
lot_41,5G,0.000613114
lot_42,4G,0.016999
lot_42,5G,0.000593927
lot_43,4G,0.0170017
lot_43,5G,0.000591496
lot_44,4G,0.0170041
lot_44,5G,0.000613765
lot_45,4G,0.0170022
lot_45,5G,0.000604405
lot_46,4G,0.0170238
lot_46,5G,0.000601326
lot_47,4G,0.0170008
lot_47,5G,0.00061975
lot_48,4G,0.0169939
lot_48,5G,0.000614695
lot_49,4G,0.01698
lot_49,5G,0.000597158
lot_50,4G,0.0170106
lot_50,5G,0.000595294
lot_51,4G,0.0170086
lot_51,5G,0.000600113
lot_52,4G,0.0169919
lot_52,5G,0.00058564
lot_53,4G,0.0169674
lot_53,5G,0.000609786
lot_54,4G,0.0170103
lot_54,5G,0.000596496
lot_55,4G,0.0170032
lot_55,5G,0.000600423
lot_56,4G,0.0170164
lot_56,5G,0.000596673
lot_57,4G,0.0169925
lot_57,5G,0.000590601
lot_58,4G,0.0170043
lot_58,5G,0.00059885
lot_59,4G,0.0170007
lot_59,5G,0.000599993
lot_60,4G,0.0170013
lot_60,5G,0.000584608
lot_61,4G,0.0170121
lot_61,5G,0.000611753
lot_62,4G,0.0169993
lot_62,5G,0.000619259
lot_63,4G,0.0169948
lot_63,5G,0.000613717
lot_64,4G,0.0169943
lot_64,5G,0.000613155
lot_65,4G,0.0170052
lot_65,5G,0.000591948
lot_66,4G,0.0169999
lot_66,5G,0.000596677
lot_67,4G,0.0170073
lot_67,5G,0.000570529
lot_68,4G,0.0170156
lot_68,5G,0.000615921
lot_69,4G,0.0170147
lot_69,5G,0.00061484
lot_70,4G,0.0170046
lot_70,5G,0.000592901
lot_71,4G,0.0169937
lot_71,5G,0.000597634
lot_72,4G,0.0169909
lot_72,5G,0.000624163
lot_73,4G,0.0170078
lot_73,5G,0.000609983
lot_74,4G,0.017004
lot_74,5G,0.000596944
lot_75,4G,0.0169932
lot_75,5G,0.000608952
lot_76,4G,0.0170254
lot_76,5G,0.00060704
lot_77,4G,0.0169946
lot_77,5G,0.000598821
lot_78,4G,0.0170012
lot_78,5G,0.00060478
lot_79,4G,0.016999
lot_79,5G,0.000597956
lot_80,4G,0.0169997
lot_80,5G,0.000593399
lot_81,4G,0.0169914
lot_81,5G,0.000599039
lot_82,4G,0.0170042
lot_82,5G,0.000594187
lot_83,4G,0.0169995
lot_83,5G,0.000601972
lot_84,4G,0.0169931
lot_84,5G,0.000598393
lot_85,4G,0.0169787
lot_85,5G,0.000609489
lot_86,4G,0.0169986
lot_86,5G,0.000595454
lot_87,4G,0.0170123
lot_87,5G,0.000591818
lot_88,4G,0.0170154
lot_88,5G,0.000611641
lot_89,4G,0.0170033
lot_89,5G,0.000603119
lot_90,4G,0.0170066
lot_90,5G,0.000593676
lot_91,4G,0.0170065
lot_91,5G,0.000587964
lot_92,4G,0.0170039
lot_92,5G,0.000597012
lot_93,4G,0.017008
lot_93,5G,0.000595271
lot_94,4G,0.0169878
lot_94,5G,0.000616501
lot_95,4G,0.0169974
lot_95,5G,0.000596285
lot_96,4G,0.0170077
lot_96,5G,0.000587441
lot_97,4G,0.0169937
lot_97,5G,0.000585476
lot_98,4G,0.0170018
lot_98,5G,0.00060025
lot_99,4G,0.0169884
lot_99,5G,0.000603891
lot_100,4G,0.0169979
lot_100,5G,0.000613824
lot_101,4G,0.0170017
lot_101,5G,0.000608129
lot_102,4G,0.0170035
lot_102,5G,0.000586245
lot_103,4G,0.0170117
lot_103,5G,0.00060356
lot_104,4G,0.0169992
lot_104,5G,0.000604454
lot_105,4G,0.016992
lot_105,5G,0.000582201
lot_106,4G,0.0169918
lot_106,5G,0.000596728
lot_107,4G,0.0170086
lot_107,5G,0.000610784
lot_108,4G,0.016994
lot_108,5G,0.000596992
lot_109,4G,0.0170047
lot_109,5G,0.000594646
lot_110,4G,0.017003
lot_110,5G,0.000587449
lot_111,4G,0.0170076
lot_111,5G,0.000607513
lot_112,4G,0.0170039
lot_112,5G,0.000598214
lot_113,4G,0.0169954
lot_113,5G,0.000598867
lot_114,4G,0.0169999
lot_114,5G,0.000596749
lot_115,4G,0.0170033
lot_115,5G,0.000593151
lot_116,4G,0.0170123
lot_116,5G,0.000583589
lot_117,4G,0.0170036
lot_117,5G,0.000579745
lot_118,4G,0.0169822
lot_118,5G,0.000602103
lot_119,4G,0.0170226
lot_119,5G,0.000600367
lot_120,4G,0.016986
lot_120,5G,0.000610723
lot_121,4G,0.0169937
lot_121,5G,0.00060142
lot_122,4G,0.0170006
lot_122,5G,0.00060085
lot_123,4G,0.0169913
lot_123,5G,0.000602966
lot_124,4G,0.0170037
lot_124,5G,0.000601057
lot_125,4G,0.017002
lot_125,5G,0.000609127
lot_126,4G,0.0170072
lot_126,5G,0.000602684
lot_127,4G,0.0170109
lot_127,5G,0.000596036
lot_128,4G,0.0170089
lot_128,5G,0.000601202
lot_129,4G,0.0170136
lot_129,5G,0.000593546
lot_130,4G,0.0169985
lot_130,5G,0.000586733
lot_131,4G,0.0169947
lot_131,5G,0.000604198
lot_132,4G,0.0170074
lot_132,5G,0.000598287
lot_133,4G,0.0169967
lot_133,5G,0.000618499
lot_134,4G,0.0170036
lot_134,5G,0.000592195
lot_135,4G,0.0170033
lot_135,5G,0.000597918
lot_136,4G,0.0170081
lot_136,5G,0.000610154
lot_137,4G,0.0169881
lot_137,5G,0.000601801
lot_138,4G,0.0170036
lot_138,5G,0.000609359
lot_139,4G,0.0170021
lot_139,5G,0.000614742
lot_140,4G,0.0170088
lot_140,5G,0.000601211
lot_141,4G,0.0170031
lot_141,5G,0.000587397
lot_142,4G,0.0170127
lot_142,5G,0.000612875
lot_143,4G,0.0170093
lot_143,5G,0.00059118
lot_144,4G,0.0170156
lot_144,5G,0.000623699
lot_145,4G,0.0169992
lot_145,5G,0.00059369
lot_146,4G,0.0170034
lot_146,5G,0.00061378
lot_147,4G,0.0169968
lot_147,5G,0.000588167
lot_148,4G,0.017004
lot_148,5G,0.000605608
lot_149,4G,0.0169927
lot_149,5G,0.000590323
lot_150,4G,0.017007
lot_150,5G,0.000607661
lot_151,4G,0.0169992
lot_151,5G,0.000604863
lot_152,4G,0.0169912
lot_152,5G,0.000585837
lot_153,4G,0.0170023
lot_153,5G,0.00059838
lot_154,4G,0.0170063
lot_154,5G,0.000593025
lot_155,4G,0.0169879
lot_155,5G,0.000599984
lot_156,4G,0.0169997
lot_156,5G,0.000600859
lot_157,4G,0.016999
lot_157,5G,0.000592256
lot_158,4G,0.0169915
lot_158,5G,0.000592911
lot_159,4G,0.0170002
lot_159,5G,0.000607133
lot_160,4G,0.0170045
lot_160,5G,0.000608247
lot_161,4G,0.0170066
lot_161,5G,0.000606219
lot_162,4G,0.0169848
lot_162,5G,0.00061078
lot_163,4G,0.0169917
lot_163,5G,0.000593597
lot_164,4G,0.0170005
lot_164,5G,0.000578287
lot_165,4G,0.0169981
lot_165,5G,0.000612814
lot_166,4G,0.0170046
lot_166,5G,0.000591177
lot_167,4G,0.0169766
lot_167,5G,0.000608128
lot_168,4G,0.0170025
lot_168,5G,0.00060151
lot_169,4G,0.0170059
lot_169,5G,0.000599184
lot_170,4G,0.016991
lot_170,5G,0.000611593
lot_171,4G,0.0169961
lot_171,5G,0.000601488
lot_172,4G,0.0169971
lot_172,5G,0.000613171
lot_173,4G,0.0169969
lot_173,5G,0.000596283
lot_174,4G,0.0169972
lot_174,5G,0.000594688
lot_175,4G,0.0170147
lot_175,5G,0.000590382
lot_176,4G,0.0170004
lot_176,5G,0.00058803
lot_177,4G,0.0170016
lot_177,5G,0.000610447
lot_178,4G,0.0169896
lot_178,5G,0.00058378
lot_179,4G,0.0170065
lot_179,5G,0.00058382
lot_180,4G,0.0170071
lot_180,5G,0.000596816
lot_181,4G,0.0169959
lot_181,5G,0.000602563
lot_182,4G,0.0169992
lot_182,5G,0.00060003
lot_183,4G,0.0169845
lot_183,5G,0.000590838
lot_184,4G,0.0170009
lot_184,5G,0.00059617
lot_185,4G,0.0169897
lot_185,5G,0.000587956
lot_186,4G,0.0169996
lot_186,5G,0.000608841
lot_187,4G,0.0169978
lot_187,5G,0.000614205
lot_188,4G,0.0170128
lot_188,5G,0.000605559
lot_189,4G,0.0170042
lot_189,5G,0.000608344
lot_190,4G,0.0170039
lot_190,5G,0.000597619
lot_191,4G,0.0170084
lot_191,5G,0.000595908
lot_192,4G,0.0169968
lot_192,5G,0.000582737
lot_193,4G,0.0169884
lot_193,5G,0.000598765
lot_194,4G,0.0169992
lot_194,5G,0.000629809
lot_195,4G,0.0169967
lot_195,5G,0.000619656
lot_196,4G,0.0170014
lot_196,5G,0.00061055
lot_197,4G,0.016998
lot_197,5G,0.000599773
lot_198,4G,0.0169991
lot_198,5G,0.000617136
lot_199,4G,0.0169929
lot_199,5G,0.000594226
lot_200,4G,0.0169959
lot_200,5G,0.000591749
lot_201,4G,0.0170019
lot_201,5G,0.000588483
lot_202,4G,0.016993
lot_202,5G,0.000594064
lot_203,4G,0.0170021
lot_203,5G,0.000593333
lot_204,4G,0.0170043
lot_204,5G,0.000608837
lot_205,4G,0.0170147
lot_205,5G,0.000618888
lot_206,4G,0.017007
lot_206,5G,0.000593814
lot_207,4G,0.0170074
lot_207,5G,0.000603659
lot_208,4G,0.0169939
lot_208,5G,0.000592544
lot_209,4G,0.0169895
lot_209,5G,0.000590224
lot_210,4G,0.0169878
lot_210,5G,0.00062026
lot_211,4G,0.017002
lot_211,5G,0.000587783
lot_212,4G,0.0170046
lot_212,5G,0.000593436
lot_213,4G,0.0169976
lot_213,5G,0.000611861
lot_214,4G,0.0170046
lot_214,5G,0.000605424
lot_215,4G,0.0169996
lot_215,5G,0.000610963
lot_216,4G,0.0170025
lot_216,5G,0.000616429
lot_217,4G,0.0170057
lot_217,5G,0.000611873
lot_218,4G,0.0169981
lot_218,5G,0.000619887
lot_219,4G,0.0170003
lot_219,5G,0.000599843
lot_220,4G,0.0169833
lot_220,5G,0.000599707
lot_221,4G,0.0170095
lot_221,5G,0.000603508
lot_222,4G,0.0169905
lot_222,5G,0.000602297
lot_223,4G,0.0170057
lot_223,5G,0.000606893
lot_224,4G,0.0169994
lot_224,5G,0.000620524
lot_225,4G,0.0170234
lot_225,5G,0.000607714
lot_226,4G,0.0169997
lot_226,5G,0.000610301
lot_227,4G,0.0170122
lot_227,5G,0.000607705
lot_228,4G,0.0170054
lot_228,5G,0.000587422
lot_229,4G,0.0170168
lot_229,5G,0.000615693
lot_230,4G,0.017006
lot_230,5G,0.000613639
lot_231,4G,0.0170073
lot_231,5G,0.000598783
lot_232,4G,0.0169912
lot_232,5G,0.000604953
lot_233,4G,0.0170015
lot_233,5G,0.000614875
lot_234,4G,0.0170054
lot_234,5G,0.000609377
lot_235,4G,0.0170024
lot_235,5G,0.000606111
lot_236,4G,0.017
lot_236,5G,0.000598868
lot_237,4G,0.017
lot_237,5G,0.000587947
lot_238,4G,0.0169967
lot_238,5G,0.000588657
lot_239,4G,0.0170129
lot_239,5G,0.000609149
lot_240,4G,0.0169965
lot_240,5G,0.000599993
lot_241,4G,0.0169978
lot_241,5G,0.000572599
lot_242,4G,0.017009
lot_242,5G,0.000598131
lot_243,4G,0.0169992
lot_243,5G,0.000611541
lot_244,4G,0.0169886
lot_244,5G,0.000595294
lot_245,4G,0.0169956
lot_245,5G,0.000604948
lot_246,4G,0.0169946
lot_246,5G,0.000589824
lot_247,4G,0.0169881
lot_247,5G,0.000603145
lot_248,4G,0.0170009
lot_248,5G,0.000616581
lot_249,4G,0.0170069
lot_249,5G,0.000599695
lot_250,4G,0.0170068
lot_250,5G,0.000592049
lot_251,4G,0.0170001
lot_251,5G,0.000589896
lot_252,4G,0.0169894
lot_252,5G,0.000613685
lot_253,4G,0.0170046
lot_253,5G,0.000599181
lot_254,4G,0.01698
lot_254,5G,0.000596174
lot_255,4G,0.0170209
lot_255,5G,0.000611126
lot_256,4G,0.0169878
lot_256,5G,0.000607664
lot_257,4G,0.0169845
lot_257,5G,0.000605669
lot_258,4G,0.0169807
lot_258,5G,0.000610239
lot_259,4G,0.0169996
lot_259,5G,0.000596012
lot_260,4G,0.0170037
lot_260,5G,0.000606315
lot_261,4G,0.0169841
lot_261,5G,0.000605157
lot_262,4G,0.0169986
lot_262,5G,0.000597189
lot_263,4G,0.0170034
lot_263,5G,0.000607911
lot_264,4G,0.0170082
lot_264,5G,0.000624412
lot_265,4G,0.0169996
lot_265,5G,0.00059547
lot_266,4G,0.0169987
lot_266,5G,0.00059754
lot_267,4G,0.0169986
lot_267,5G,0.000598691
lot_268,4G,0.0170068
lot_268,5G,0.000613908
lot_269,4G,0.0169967
lot_269,5G,0.000599957
lot_270,4G,0.0169809
lot_270,5G,0.00059014
lot_271,4G,0.0169815
lot_271,5G,0.000585247
lot_272,4G,0.0170039
lot_272,5G,0.000585745
lot_273,4G,0.0169912
lot_273,5G,0.000591699
lot_274,4G,0.0169997
lot_274,5G,0.000599915
lot_275,4G,0.0170006
lot_275,5G,0.000601904
lot_276,4G,0.016997
lot_276,5G,0.000610809
lot_277,4G,0.0170072
lot_277,5G,0.000606341
lot_278,4G,0.0169912
lot_278,5G,0.000601067
lot_279,4G,0.017004
lot_279,5G,0.000607123
lot_280,4G,0.0170121
lot_280,5G,0.000613633
lot_281,4G,0.0170127
lot_281,5G,0.000612665
lot_282,4G,0.017002
lot_282,5G,0.000596069
lot_283,4G,0.0170049
lot_283,5G,0.000599632
lot_284,4G,0.0169965
lot_284,5G,0.000597796
lot_285,4G,0.0170055
lot_285,5G,0.000594331
lot_286,4G,0.016981
lot_286,5G,0.000590955
lot_287,4G,0.0170034
lot_287,5G,0.000606378
lot_288,4G,0.0169983
lot_288,5G,0.000588793
lot_289,4G,0.0169996
lot_289,5G,0.000597206
lot_290,4G,0.0170161
lot_290,5G,0.000602928
lot_291,4G,0.0170038
lot_291,5G,0.000599387
lot_292,4G,0.0170014
lot_292,5G,0.000591127
lot_293,4G,0.0170021
lot_293,5G,0.000600689
lot_294,4G,0.0170064
lot_294,5G,0.000601551
lot_295,4G,0.0169908
lot_295,5G,0.000589286
lot_296,4G,0.0170166
lot_296,5G,0.000608281
lot_297,4G,0.0170032
lot_297,5G,0.000600336
lot_298,4G,0.0169808
lot_298,5G,0.000601441
lot_299,4G,0.0169936
lot_299,5G,0.000609233
lot_300,4G,0.0170059
lot_300,5G,0.000600242
lot_301,4G,0.0169936
lot_301,5G,0.000594536
lot_302,4G,0.0170118
lot_302,5G,0.000609538
lot_303,4G,0.0170102
lot_303,5G,0.000586869
lot_304,4G,0.0170074
lot_304,5G,0.000600977
lot_305,4G,0.0170058
lot_305,5G,0.000599688
lot_306,4G,0.0170048
lot_306,5G,0.000609795
lot_307,4G,0.0170057
lot_307,5G,0.000604147
lot_308,4G,0.0170052
lot_308,5G,0.000605084
lot_309,4G,0.0169963
lot_309,5G,0.000595745
lot_310,4G,0.0170192
lot_310,5G,0.000592266
lot_311,4G,0.0169948
lot_311,5G,0.000608165
lot_312,4G,0.0169911
lot_312,5G,0.000591843
lot_313,4G,0.016989
lot_313,5G,0.000616748
lot_314,4G,0.0170068
lot_314,5G,0.000588342
lot_315,4G,0.017003
lot_315,5G,0.000606144
lot_316,4G,0.0169808
lot_316,5G,0.000615499
lot_317,4G,0.0169981
lot_317,5G,0.000595061
lot_318,4G,0.0170129
lot_318,5G,0.000597547
lot_319,4G,0.0170098
lot_319,5G,0.000605694
lot_320,4G,0.0169957
lot_320,5G,0.000601576
lot_321,4G,0.0170014
lot_321,5G,0.000598934
lot_322,4G,0.0170121
lot_322,5G,0.000607967
lot_323,4G,0.0170161
lot_323,5G,0.000627746
lot_324,4G,0.0170003
lot_324,5G,0.000585369
lot_325,4G,0.0170092
lot_325,5G,0.000590207
lot_326,4G,0.0170168
lot_326,5G,0.000594598
lot_327,4G,0.0170134
lot_327,5G,0.000602159
lot_328,4G,0.0170021
lot_328,5G,0.000600064
lot_329,4G,0.0170069
lot_329,5G,0.000595898
lot_330,4G,0.0170046
lot_330,5G,0.000601467
lot_331,4G,0.0170151
lot_331,5G,0.000591726
lot_332,4G,0.0169917
lot_332,5G,0.000609043
lot_333,4G,0.0170121
lot_333,5G,0.000611125
lot_334,4G,0.0170067
lot_334,5G,0.000616764
lot_335,4G,0.0170075
lot_335,5G,0.000609452
lot_336,4G,0.0169873
lot_336,5G,0.000596783
lot_337,4G,0.0169703
lot_337,5G,0.000597474
lot_338,4G,0.0169775
lot_338,5G,0.000589499
lot_339,4G,0.0170069
lot_339,5G,0.000584754
lot_340,4G,0.0169889
lot_340,5G,0.000600325
lot_341,4G,0.0170181
lot_341,5G,0.000588459
lot_342,4G,0.0169972
lot_342,5G,0.000604703
lot_343,4G,0.0169856
lot_343,5G,0.000589842
lot_344,4G,0.016999
lot_344,5G,0.000582592
lot_345,4G,0.0169953
lot_345,5G,0.000603908
lot_346,4G,0.0169904
lot_346,5G,0.000591438
lot_347,4G,0.0170153
lot_347,5G,0.000586905
lot_348,4G,0.0170005
lot_348,5G,0.000592084
lot_349,4G,0.0170059
lot_349,5G,0.000596979
lot_350,4G,0.0169963
lot_350,5G,0.000598858
lot_351,4G,0.0170036
lot_351,5G,0.000595028
lot_352,4G,0.016992
lot_352,5G,0.000604782
lot_353,4G,0.0170045
lot_353,5G,0.000591989
lot_354,4G,0.0170041
lot_354,5G,0.000607209
lot_355,4G,0.0169953
lot_355,5G,0.000614771
lot_356,4G,0.0169949
lot_356,5G,0.000592069
lot_357,4G,0.0170037
lot_357,5G,0.000602764
lot_358,4G,0.0169882
lot_358,5G,0.00059413
lot_359,4G,0.0169963
lot_359,5G,0.000605104
lot_360,4G,0.0170184
lot_360,5G,0.000586226
lot_361,4G,0.0170043
lot_361,5G,0.000587364
lot_362,4G,0.0170203
lot_362,5G,0.000596169
lot_363,4G,0.0169963
lot_363,5G,0.000610357
lot_364,4G,0.0169927
lot_364,5G,0.000605236
lot_365,4G,0.0169948
lot_365,5G,0.000601037
lot_366,4G,0.0170056
lot_366,5G,0.000605036
lot_367,4G,0.0169856
lot_367,5G,0.00060608
lot_368,4G,0.0170098
lot_368,5G,0.000601877
lot_369,4G,0.0169974
lot_369,5G,0.000603389
lot_370,4G,0.0169981
lot_370,5G,0.000579027
lot_371,4G,0.0170032
lot_371,5G,0.000613369
lot_372,4G,0.0170079
lot_372,5G,0.000587047
lot_373,4G,0.0169899
lot_373,5G,0.000597263
lot_374,4G,0.0169933
lot_374,5G,0.000582311
lot_375,4G,0.017004
lot_375,5G,0.000612717
lot_376,4G,0.0169982
lot_376,5G,0.000607733
lot_377,4G,0.0170033
lot_377,5G,0.000604021
lot_378,4G,0.0169865
lot_378,5G,0.000601497
lot_379,4G,0.0169767
lot_379,5G,0.000602909
lot_380,4G,0.016967
lot_380,5G,0.000598592
lot_381,4G,0.0170096
lot_381,5G,0.00060836
lot_382,4G,0.017002
lot_382,5G,0.000596086
lot_383,4G,0.0169989
lot_383,5G,0.000598069
lot_384,4G,0.0169956
lot_384,5G,0.000595617
lot_385,4G,0.0169972
lot_385,5G,0.000613221
lot_386,4G,0.0170029
lot_386,5G,0.000625766
lot_387,4G,0.017017
lot_387,5G,0.000603925
lot_388,4G,0.0169862
lot_388,5G,0.000601551
lot_389,4G,0.0169966
lot_389,5G,0.000617432
lot_390,4G,0.0170025
lot_390,5G,0.000595078
lot_391,4G,0.0170082
lot_391,5G,0.000610299
lot_392,4G,0.0170172
lot_392,5G,0.000601217
lot_393,4G,0.0169995
lot_393,5G,0.00061268
lot_394,4G,0.0170025
lot_394,5G,0.000584755
lot_395,4G,0.0169888
lot_395,5G,0.000589724
lot_396,4G,0.0170106
lot_396,5G,0.000607471
lot_397,4G,0.0170027
lot_397,5G,0.000592002
lot_398,4G,0.0170064
lot_398,5G,0.000597473
lot_399,4G,0.016999
lot_399,5G,0.000598867
lot_400,4G,0.0169994
lot_400,5G,0.000607148
lot_401,4G,0.0170102
lot_401,5G,0.0005933
lot_402,4G,0.0169969
lot_402,5G,0.000588173
lot_403,4G,0.0169927
lot_403,5G,0.00061941
lot_404,4G,0.016999
lot_404,5G,0.000602585
lot_405,4G,0.0170081
lot_405,5G,0.000593709
lot_406,4G,0.0169728
lot_406,5G,0.000607406
lot_407,4G,0.0170044
lot_407,5G,0.000606213
lot_408,4G,0.0170014
lot_408,5G,0.000592487
lot_409,4G,0.0169857
lot_409,5G,0.000613588
lot_410,4G,0.0170002
lot_410,5G,0.000593524
lot_411,4G,0.0169921
lot_411,5G,0.000609258
lot_412,4G,0.0170089
lot_412,5G,0.000612787
lot_413,4G,0.017017
lot_413,5G,0.000606888
lot_414,4G,0.016993
lot_414,5G,0.000604304
lot_415,4G,0.0169933
lot_415,5G,0.0005831
lot_416,4G,0.0169877
lot_416,5G,0.000593245
lot_417,4G,0.0169861
lot_417,5G,0.000601295
lot_418,4G,0.0169984
lot_418,5G,0.000593663
lot_419,4G,0.0169959
lot_419,5G,0.000589988
lot_420,4G,0.0169861
lot_420,5G,0.000607179
lot_421,4G,0.0169931
lot_421,5G,0.000606674
lot_422,4G,0.0170039
lot_422,5G,0.000602651
lot_423,4G,0.0169879
lot_423,5G,0.000588496
lot_424,4G,0.0170033
lot_424,5G,0.000605691
lot_425,4G,0.0169975
lot_425,5G,0.000600208
lot_426,4G,0.01701
lot_426,5G,0.000592557
lot_427,4G,0.0170102
lot_427,5G,0.000581162
lot_428,4G,0.0170174
lot_428,5G,0.000585685
lot_429,4G,0.0169878
lot_429,5G,0.000605388
lot_430,4G,0.0170191
lot_430,5G,0.000610375
lot_431,4G,0.0170024
lot_431,5G,0.000615243
lot_432,4G,0.0169913
lot_432,5G,0.000611784
lot_433,4G,0.0169878
lot_433,5G,0.000597246
lot_434,4G,0.0170089
lot_434,5G,0.000597414
lot_435,4G,0.0170129
lot_435,5G,0.000610423
lot_436,4G,0.0170009
lot_436,5G,0.00060186
lot_437,4G,0.0170176
lot_437,5G,0.000598901
lot_438,4G,0.0170186
lot_438,5G,0.000596941
lot_439,4G,0.0169939
lot_439,5G,0.000606172
lot_440,4G,0.0169986
lot_440,5G,0.000593227
lot_441,4G,0.0170036
lot_441,5G,0.000581026
lot_442,4G,0.0169933
lot_442,5G,0.00059367
lot_443,4G,0.0170004
lot_443,5G,0.000596086
lot_444,4G,0.0170042
lot_444,5G,0.000602889
lot_445,4G,0.0169943
lot_445,5G,0.000609489
lot_446,4G,0.0169986
lot_446,5G,0.000616295
lot_447,4G,0.0170048
lot_447,5G,0.000610742
lot_448,4G,0.0170071
lot_448,5G,0.000595597
lot_449,4G,0.0169907
lot_449,5G,0.000597747
lot_450,4G,0.0169984
lot_450,5G,0.000596288
lot_451,4G,0.0170071
lot_451,5G,0.000604091
lot_452,4G,0.0170045
lot_452,5G,0.00058284
lot_453,4G,0.016996
lot_453,5G,0.000612983
lot_454,4G,0.0170116
lot_454,5G,0.000606991
lot_455,4G,0.0169953
lot_455,5G,0.000602556
lot_456,4G,0.017011
lot_456,5G,0.000611744
lot_457,4G,0.0169957
lot_457,5G,0.000603607
lot_458,4G,0.017008
lot_458,5G,0.000596315
lot_459,4G,0.0169959
lot_459,5G,0.000603537
lot_460,4G,0.0170166
lot_460,5G,0.000588236
lot_461,4G,0.0170089
lot_461,5G,0.000586308
lot_462,4G,0.0170105
lot_462,5G,0.000605764
lot_463,4G,0.0169886
lot_463,5G,0.000591629
lot_464,4G,0.0169958
lot_464,5G,0.000601469
lot_465,4G,0.0170016
lot_465,5G,0.000590487
lot_466,4G,0.017
lot_466,5G,0.000606676
lot_467,4G,0.016993
lot_467,5G,0.000595507
lot_468,4G,0.0169921
lot_468,5G,0.000602846
lot_469,4G,0.0170091
lot_469,5G,0.000606868
lot_470,4G,0.0170053
lot_470,5G,0.000596062
lot_471,4G,0.0170015
lot_471,5G,0.000582882
lot_472,4G,0.0170049
lot_472,5G,0.000593592
lot_473,4G,0.0170047
lot_473,5G,0.000585706
lot_474,4G,0.0170049
lot_474,5G,0.000590337
lot_475,4G,0.0170175
lot_475,5G,0.00059622
lot_476,4G,0.0170109
lot_476,5G,0.000601494
lot_477,4G,0.0170027
lot_477,5G,0.000598239
lot_478,4G,0.0170021
lot_478,5G,0.000596442
lot_479,4G,0.0169802
lot_479,5G,0.000602297
lot_480,4G,0.017
lot_480,5G,0.000605072
lot_481,4G,0.0169975
lot_481,5G,0.000615822
lot_482,4G,0.0170213
lot_482,5G,0.000618842
lot_483,4G,0.0170003
lot_483,5G,0.00059789
lot_484,4G,0.0170047
lot_484,5G,0.000588866
lot_485,4G,0.0170053
lot_485,5G,0.000602712
lot_486,4G,0.0170014
lot_486,5G,0.000594336
lot_487,4G,0.0170133
lot_487,5G,0.000609037
lot_488,4G,0.0170011
lot_488,5G,0.000610775
lot_489,4G,0.0170027
lot_489,5G,0.000607462
lot_490,4G,0.0170032
lot_490,5G,0.000608651
lot_491,4G,0.0169971
lot_491,5G,0.000598786
lot_492,4G,0.0169882
lot_492,5G,0.000610306
lot_493,4G,0.0170057
lot_493,5G,0.000605803
lot_494,4G,0.0169972
lot_494,5G,0.000586827
lot_495,4G,0.0170035
lot_495,5G,0.000607965
lot_496,4G,0.0169992
lot_496,5G,0.000620305
lot_497,4G,0.0169962
lot_497,5G,0.000595651
lot_498,4G,0.0169914
lot_498,5G,0.000601243
lot_499,4G,0.0170122
lot_499,5G,0.000604431
lot_500,4G,0.0169877
lot_500,5G,0.000578291
lot_501,4G,0.0169999
lot_501,5G,0.000593073
lot_502,4G,0.0169926
lot_502,5G,0.000595701
lot_503,4G,0.0169976
lot_503,5G,0.000600595
lot_504,4G,0.0169969
lot_504,5G,0.000586052
lot_505,4G,0.0169908
lot_505,5G,0.000601562
lot_506,4G,0.0169969
lot_506,5G,0.000606075
lot_507,4G,0.0170029
lot_507,5G,0.00060611
lot_508,4G,0.0170062
lot_508,5G,0.000608223
lot_509,4G,0.0169999
lot_509,5G,0.000617098
lot_510,4G,0.0170048
lot_510,5G,0.000605276
lot_511,4G,0.0170188
lot_511,5G,0.000590442
lot_512,4G,0.0170192
lot_512,5G,0.000589796
lot_513,4G,0.0170088
lot_513,5G,0.00059675
lot_514,4G,0.016994
lot_514,5G,0.000602417
lot_515,4G,0.0169689
lot_515,5G,0.000601504
lot_516,4G,0.0169788
lot_516,5G,0.000601479
lot_517,4G,0.0169993
lot_517,5G,0.000606623
lot_518,4G,0.0170012
lot_518,5G,0.000590429
lot_519,4G,0.0169928
lot_519,5G,0.000603081
lot_520,4G,0.0170006
lot_520,5G,0.00060511
lot_521,4G,0.0170158
lot_521,5G,0.000599089
lot_522,4G,0.0170172
lot_522,5G,0.000597166
lot_523,4G,0.016999
lot_523,5G,0.000599973
lot_524,4G,0.0170149
lot_524,5G,0.000580541
lot_525,4G,0.0169913
lot_525,5G,0.000600121
lot_526,4G,0.0169999
lot_526,5G,0.000602304
lot_527,4G,0.017002
lot_527,5G,0.000592457
lot_528,4G,0.0170019
lot_528,5G,0.000617522
lot_529,4G,0.0170031
lot_529,5G,0.000596328
lot_530,4G,0.0170018
lot_530,5G,0.00060584
lot_531,4G,0.0169879
lot_531,5G,0.000588477
lot_532,4G,0.017011
lot_532,5G,0.000591545
lot_533,4G,0.0169912
lot_533,5G,0.00059444
lot_534,4G,0.0169984
lot_534,5G,0.000594108
lot_535,4G,0.0169981
lot_535,5G,0.000584286
lot_536,4G,0.0170102
lot_536,5G,0.00059687
lot_537,4G,0.0170082
lot_537,5G,0.000591096
lot_538,4G,0.017017
lot_538,5G,0.000591402
lot_539,4G,0.017011
lot_539,5G,0.00059951
lot_540,4G,0.0170013
lot_540,5G,0.000601403
lot_541,4G,0.0170031
lot_541,5G,0.000600706
lot_542,4G,0.0169886
lot_542,5G,0.000584347
lot_543,4G,0.0170104
lot_543,5G,0.000591903
lot_544,4G,0.0169938
lot_544,5G,0.000578427
lot_545,4G,0.0170092
lot_545,5G,0.000604206
lot_546,4G,0.017016
lot_546,5G,0.00061416
lot_547,4G,0.0170039
lot_547,5G,0.000605814
lot_548,4G,0.0170089
lot_548,5G,0.000586206
lot_549,4G,0.0170234
lot_549,5G,0.000585941
lot_550,4G,0.0169976
lot_550,5G,0.000592392
lot_551,4G,0.016998
lot_551,5G,0.000606438
lot_552,4G,0.0170008
lot_552,5G,0.000577524
lot_553,4G,0.0169959
lot_553,5G,0.000594312
lot_554,4G,0.017007
lot_554,5G,0.000590052
lot_555,4G,0.0169992
lot_555,5G,0.000598493
lot_556,4G,0.0170142
lot_556,5G,0.000604762
lot_557,4G,0.0169928
lot_557,5G,0.000602565
lot_558,4G,0.016999
lot_558,5G,0.000598594
lot_559,4G,0.0169746
lot_559,5G,0.000577458
lot_560,4G,0.0170028
lot_560,5G,0.000588411
lot_561,4G,0.0169952
lot_561,5G,0.000601199
lot_562,4G,0.0169951
lot_562,5G,0.000620871
lot_563,4G,0.0169748
lot_563,5G,0.000606279
lot_564,4G,0.0169943
lot_564,5G,0.000602242
lot_565,4G,0.0170031
lot_565,5G,0.000602371
lot_566,4G,0.0169958
lot_566,5G,0.000592984
lot_567,4G,0.0169935
lot_567,5G,0.000604053
lot_568,4G,0.0170027
lot_568,5G,0.000598037
lot_569,4G,0.0169979
lot_569,5G,0.000599879
lot_570,4G,0.0169872
lot_570,5G,0.00061201
lot_571,4G,0.0169953
lot_571,5G,0.00060633
lot_572,4G,0.0170031
lot_572,5G,0.000604084
lot_573,4G,0.0170058
lot_573,5G,0.00059655
lot_574,4G,0.017005
lot_574,5G,0.000608115
lot_575,4G,0.016998
lot_575,5G,0.000603238
lot_576,4G,0.0169856
lot_576,5G,0.000609203
lot_577,4G,0.0170091
lot_577,5G,0.000617051
lot_578,4G,0.0169807
lot_578,5G,0.000608991
lot_579,4G,0.0170037
lot_579,5G,0.000623804
lot_580,4G,0.0170025
lot_580,5G,0.000590413
lot_581,4G,0.0169982
lot_581,5G,0.000585499
lot_582,4G,0.0170043
lot_582,5G,0.000610349
lot_583,4G,0.0170117
lot_583,5G,0.000606086
lot_584,4G,0.0169925
lot_584,5G,0.000599881
lot_585,4G,0.0169753
lot_585,5G,0.000597752
lot_586,4G,0.0170049
lot_586,5G,0.000619963
lot_587,4G,0.0170049
lot_587,5G,0.000580803
lot_588,4G,0.016995
lot_588,5G,0.000609442
lot_589,4G,0.016982
lot_589,5G,0.000625734
lot_590,4G,0.0169833
lot_590,5G,0.000600493
lot_591,4G,0.0169947
lot_591,5G,0.000603335
lot_592,4G,0.0169952
lot_592,5G,0.000606143
lot_593,4G,0.0170012
lot_593,5G,0.000597769
lot_594,4G,0.0170117
lot_594,5G,0.000599273
lot_595,4G,0.0169936
lot_595,5G,0.000599654
lot_596,4G,0.0169963
lot_596,5G,0.000611302
lot_597,4G,0.0169838
lot_597,5G,0.000589278
lot_598,4G,0.017001
lot_598,5G,0.000599295
lot_599,4G,0.017001
lot_599,5G,0.00060908
lot_600,4G,0.0170088
lot_600,5G,0.000593794
lot_601,4G,0.0169805
lot_601,5G,0.000605048
lot_602,4G,0.0169921
lot_602,5G,0.000579889
lot_603,4G,0.0170161
lot_603,5G,0.000604994
lot_604,4G,0.0170015
lot_604,5G,0.000596253
lot_605,4G,0.0169947
lot_605,5G,0.000606743
lot_606,4G,0.017002
lot_606,5G,0.000600282
lot_607,4G,0.0169999
lot_607,5G,0.000598835
lot_608,4G,0.0169927
lot_608,5G,0.000593051
lot_609,4G,0.0170103
lot_609,5G,0.000596075
lot_610,4G,0.0169962
lot_610,5G,0.000603671
lot_611,4G,0.016998
lot_611,5G,0.000616492
lot_612,4G,0.0170068
lot_612,5G,0.000595933
lot_613,4G,0.0170004
lot_613,5G,0.000596117
lot_614,4G,0.0170099
lot_614,5G,0.000602291
lot_615,4G,0.0169771
lot_615,5G,0.000593841
lot_616,4G,0.0169839
lot_616,5G,0.000618286
lot_617,4G,0.017007
lot_617,5G,0.000583241
lot_618,4G,0.0170137
lot_618,5G,0.000595924
lot_619,4G,0.0169956
lot_619,5G,0.000609378
lot_620,4G,0.0169961
lot_620,5G,0.000596712
lot_621,4G,0.0169913
lot_621,5G,0.000592972
lot_622,4G,0.0169996
lot_622,5G,0.000591033
lot_623,4G,0.0169947
lot_623,5G,0.000620778
lot_624,4G,0.0169884
lot_624,5G,0.000587537
lot_625,4G,0.0169966
lot_625,5G,0.000614292
lot_626,4G,0.0169999
lot_626,5G,0.000600283
lot_627,4G,0.0169992
lot_627,5G,0.000605814
lot_628,4G,0.0169888
lot_628,5G,0.000602644
lot_629,4G,0.0170071
lot_629,5G,0.000612445
lot_630,4G,0.0170098
lot_630,5G,0.000600391
lot_631,4G,0.0169938
lot_631,5G,0.000606106
lot_632,4G,0.0170045
lot_632,5G,0.000611941
lot_633,4G,0.0169959
lot_633,5G,0.000602056
lot_634,4G,0.0170226
lot_634,5G,0.000602362
lot_635,4G,0.0170028
lot_635,5G,0.000575059
lot_636,4G,0.0169816
lot_636,5G,0.000601313
lot_637,4G,0.0170061
lot_637,5G,0.000601615
lot_638,4G,0.016996
lot_638,5G,0.000602666
lot_639,4G,0.0170046
lot_639,5G,0.000591527
lot_640,4G,0.0169913
lot_640,5G,0.000580954
lot_641,4G,0.0169874
lot_641,5G,0.000603389
lot_642,4G,0.017002
lot_642,5G,0.000622797
lot_643,4G,0.0169934
lot_643,5G,0.000598748
lot_644,4G,0.0169862
lot_644,5G,0.000594521
lot_645,4G,0.0169763
lot_645,5G,0.000603722
lot_646,4G,0.0169903
lot_646,5G,0.000622864
lot_647,4G,0.017002
lot_647,5G,0.000597525
lot_648,4G,0.0170003
lot_648,5G,0.000594016
lot_649,4G,0.0169958
lot_649,5G,0.000593635
lot_650,4G,0.0170003
lot_650,5G,0.000611376
lot_651,4G,0.0170015
lot_651,5G,0.000600678
lot_652,4G,0.0170009
lot_652,5G,0.000609064
lot_653,4G,0.0170045
lot_653,5G,0.000622582
lot_654,4G,0.0170096
lot_654,5G,0.00059008
lot_655,4G,0.0169874
lot_655,5G,0.000596166
lot_656,4G,0.0169963
lot_656,5G,0.000619802
lot_657,4G,0.0169979
lot_657,5G,0.000594189
lot_658,4G,0.017
lot_658,5G,0.00060352
lot_659,4G,0.0169946
lot_659,5G,0.000606579
lot_660,4G,0.0169896
lot_660,5G,0.000579997
lot_661,4G,0.0170002
lot_661,5G,0.000598617
lot_662,4G,0.0169969
lot_662,5G,0.000608846
lot_663,4G,0.0170157
lot_663,5G,0.00062045
lot_664,4G,0.0169969
lot_664,5G,0.000592899
lot_665,4G,0.0170063
lot_665,5G,0.000615408
lot_666,4G,0.0170089
lot_666,5G,0.000595439
lot_667,4G,0.0169944
lot_667,5G,0.000596784
lot_668,4G,0.016987
lot_668,5G,0.000590329
lot_669,4G,0.016989
lot_669,5G,0.000611049
lot_670,4G,0.0170038
lot_670,5G,0.000608993
lot_671,4G,0.01701
lot_671,5G,0.000589954
lot_672,4G,0.0170206
lot_672,5G,0.000588195
lot_673,4G,0.0170167
lot_673,5G,0.000604107
lot_674,4G,0.0170082
lot_674,5G,0.000588241
lot_675,4G,0.0169971
lot_675,5G,0.000607087
lot_676,4G,0.0169852
lot_676,5G,0.000608483
lot_677,4G,0.0170002
lot_677,5G,0.000587831
lot_678,4G,0.0170052
lot_678,5G,0.000597504
lot_679,4G,0.0170066
lot_679,5G,0.000581538
lot_680,4G,0.017001
lot_680,5G,0.000614171
lot_681,4G,0.0170204
lot_681,5G,0.000585618
lot_682,4G,0.0170055
lot_682,5G,0.000619192
lot_683,4G,0.0170208
lot_683,5G,0.000619566
lot_684,4G,0.0170037
lot_684,5G,0.000592071
lot_685,4G,0.017004
lot_685,5G,0.000595028
lot_686,4G,0.0170032
lot_686,5G,0.000619084
lot_687,4G,0.0170083
lot_687,5G,0.000610541
lot_688,4G,0.0170013
lot_688,5G,0.00060678
lot_689,4G,0.0170111
lot_689,5G,0.000596271
lot_690,4G,0.0170049
lot_690,5G,0.000603901
lot_691,4G,0.0170168
lot_691,5G,0.000601663
lot_692,4G,0.0169891
lot_692,5G,0.000609241
lot_693,4G,0.016996
lot_693,5G,0.00059605
lot_694,4G,0.0169988
lot_694,5G,0.000610028
lot_695,4G,0.0169966
lot_695,5G,0.000611338
lot_696,4G,0.0169977
lot_696,5G,0.000586983
lot_697,4G,0.0169888
lot_697,5G,0.000594696
lot_698,4G,0.0170066
lot_698,5G,0.000597043
lot_699,4G,0.0170079
lot_699,5G,0.000596483
lot_700,4G,0.01701
lot_700,5G,0.000605117
lot_701,4G,0.0169911
lot_701,5G,0.00060187
lot_702,4G,0.017
lot_702,5G,0.000582887
lot_703,4G,0.0170099
lot_703,5G,0.000585659
lot_704,4G,0.0170175
lot_704,5G,0.000589985
lot_705,4G,0.0170212
lot_705,5G,0.000596944
lot_706,4G,0.0169999
lot_706,5G,0.000583127
lot_707,4G,0.0169978
lot_707,5G,0.000612145
lot_708,4G,0.0169974
lot_708,5G,0.000605862
lot_709,4G,0.0170048
lot_709,5G,0.000595306
lot_710,4G,0.0170089
lot_710,5G,0.000611802
lot_711,4G,0.0169998
lot_711,5G,0.000588295
lot_712,4G,0.017016
lot_712,5G,0.00059868
lot_713,4G,0.0170027
lot_713,5G,0.00058396
lot_714,4G,0.0169952
lot_714,5G,0.000615562
lot_715,4G,0.0170072
lot_715,5G,0.000605991
lot_716,4G,0.0170095
lot_716,5G,0.000600724
lot_717,4G,0.0170118
lot_717,5G,0.000600201
lot_718,4G,0.0170153
lot_718,5G,0.00059207
lot_719,4G,0.0169994
lot_719,5G,0.000603343
lot_720,4G,0.0169962
lot_720,5G,0.000599682
lot_721,4G,0.0170014
lot_721,5G,0.000603966
lot_722,4G,0.0170014
lot_722,5G,0.000601599
lot_723,4G,0.0169802
lot_723,5G,0.000608758
lot_724,4G,0.0170071
lot_724,5G,0.000606346
lot_725,4G,0.0170183
lot_725,5G,0.000606621
lot_726,4G,0.0169981
lot_726,5G,0.000601281
lot_727,4G,0.016998
lot_727,5G,0.000599575
lot_728,4G,0.0169972
lot_728,5G,0.000596255
lot_729,4G,0.0170003
lot_729,5G,0.000606632
lot_730,4G,0.0169945
lot_730,5G,0.000600402
lot_731,4G,0.017013
lot_731,5G,0.000596734
lot_732,4G,0.0169796
lot_732,5G,0.000586232
lot_733,4G,0.0170055
lot_733,5G,0.00058886
lot_734,4G,0.0169917
lot_734,5G,0.000586223
lot_735,4G,0.0170014
lot_735,5G,0.000601698
lot_736,4G,0.0169992
lot_736,5G,0.000593441
lot_737,4G,0.0169978
lot_737,5G,0.000584156
lot_738,4G,0.0170132
lot_738,5G,0.000600293
lot_739,4G,0.0169944
lot_739,5G,0.000622275
lot_740,4G,0.0169997
lot_740,5G,0.000611418
lot_741,4G,0.01701
lot_741,5G,0.000583755
lot_742,4G,0.0169985
lot_742,5G,0.000598694
lot_743,4G,0.0169975
lot_743,5G,0.000608138
lot_744,4G,0.0169907
lot_744,5G,0.000618327
lot_745,4G,0.0169771
lot_745,5G,0.000611683
lot_746,4G,0.0170156
lot_746,5G,0.000586666
lot_747,4G,0.0169883
lot_747,5G,0.000601983
lot_748,4G,0.0170079
lot_748,5G,0.000596478
lot_749,4G,0.0169945
lot_749,5G,0.000607294
lot_750,4G,0.017004
lot_750,5G,0.000594639
lot_751,4G,0.0170029
lot_751,5G,0.000598351
lot_752,4G,0.0170018
lot_752,5G,0.000598365
lot_753,4G,0.0169968
lot_753,5G,0.000596728
lot_754,4G,0.0170012
lot_754,5G,0.000617861
lot_755,4G,0.0170159
lot_755,5G,0.00060299
lot_756,4G,0.0170022
lot_756,5G,0.000608338
lot_757,4G,0.0169865
lot_757,5G,0.000604383
lot_758,4G,0.016998
lot_758,5G,0.000620081
lot_759,4G,0.0170032
lot_759,5G,0.000603736
lot_760,4G,0.0169925
lot_760,5G,0.000598388
lot_761,4G,0.0169884
lot_761,5G,0.000590916
lot_762,4G,0.0170034
lot_762,5G,0.000594712
lot_763,4G,0.0169972
lot_763,5G,0.000602222
lot_764,4G,0.0169735
lot_764,5G,0.000600092
lot_765,4G,0.0169997
lot_765,5G,0.00060993
lot_766,4G,0.0169852
lot_766,5G,0.000592577
lot_767,4G,0.0170141
lot_767,5G,0.000600267
lot_768,4G,0.0169891
lot_768,5G,0.000590165
lot_769,4G,0.0169936
lot_769,5G,0.000589054
lot_770,4G,0.0170025
lot_770,5G,0.000589393
lot_771,4G,0.0170157
lot_771,5G,0.00062052
lot_772,4G,0.0170047
lot_772,5G,0.00060221
lot_773,4G,0.016999
lot_773,5G,0.000586519
lot_774,4G,0.0170001
lot_774,5G,0.00059452
lot_775,4G,0.0170153
lot_775,5G,0.000587596
lot_776,4G,0.0169905
lot_776,5G,0.00059006
lot_777,4G,0.0170152
lot_777,5G,0.000575819
lot_778,4G,0.0169912
lot_778,5G,0.000599226
lot_779,4G,0.0170071
lot_779,5G,0.000601557
lot_780,4G,0.0169944
lot_780,5G,0.000604679
lot_781,4G,0.0169978
lot_781,5G,0.000581951
lot_782,4G,0.0170012
lot_782,5G,0.00058564
lot_783,4G,0.0170002
lot_783,5G,0.000596692
lot_784,4G,0.0170047
lot_784,5G,0.000619112
lot_785,4G,0.0170024
lot_785,5G,0.000613762
lot_786,4G,0.0170021
lot_786,5G,0.000623386
lot_787,4G,0.0170009
lot_787,5G,0.00060401
lot_788,4G,0.0170061
lot_788,5G,0.000617931
lot_789,4G,0.016986
lot_789,5G,0.000611381
lot_790,4G,0.0170069
lot_790,5G,0.000620199
lot_791,4G,0.0170109
lot_791,5G,0.00058868
lot_792,4G,0.0170034
lot_792,5G,0.000597949
lot_793,4G,0.0170129
lot_793,5G,0.000590446
lot_794,4G,0.0170093
lot_794,5G,0.000595255
lot_795,4G,0.0170033
lot_795,5G,0.000607935
lot_796,4G,0.0170003
lot_796,5G,0.000593023
lot_797,4G,0.0169968
lot_797,5G,0.000605898
lot_798,4G,0.0169939
lot_798,5G,0.000590686
lot_799,4G,0.0170055
lot_799,5G,0.000608326
lot_800,4G,0.0169904
lot_800,5G,0.000597414
lot_801,4G,0.0170098
lot_801,5G,0.000585405
lot_802,4G,0.0169927
lot_802,5G,0.000596229
lot_803,4G,0.0170149
lot_803,5G,0.000614084
lot_804,4G,0.0169884
lot_804,5G,0.000607663
lot_805,4G,0.0169846
lot_805,5G,0.000597201
lot_806,4G,0.0170033
lot_806,5G,0.000603616
lot_807,4G,0.0169977
lot_807,5G,0.000604417
lot_808,4G,0.0169942
lot_808,5G,0.000608038
lot_809,4G,0.0169967
lot_809,5G,0.000604587
lot_810,4G,0.0170227
lot_810,5G,0.000596866
lot_811,4G,0.0169828
lot_811,5G,0.000604745
lot_812,4G,0.0169933
lot_812,5G,0.000581869
lot_813,4G,0.0170115
lot_813,5G,0.00059578
lot_814,4G,0.0170042
lot_814,5G,0.000600402
lot_815,4G,0.0170075
lot_815,5G,0.000594041
lot_816,4G,0.0169962
lot_816,5G,0.000592192
lot_817,4G,0.0169882
lot_817,5G,0.000599966
lot_818,4G,0.0169806
lot_818,5G,0.000602794
lot_819,4G,0.016989
lot_819,5G,0.000601864
lot_820,4G,0.0170059
lot_820,5G,0.000591929
lot_821,4G,0.0170078
lot_821,5G,0.000595756
lot_822,4G,0.0170215
lot_822,5G,0.000593985
lot_823,4G,0.0170016
lot_823,5G,0.000588866
lot_824,4G,0.0169946
lot_824,5G,0.000605369
lot_825,4G,0.0170014
lot_825,5G,0.000597719
lot_826,4G,0.0170038
lot_826,5G,0.000601157
lot_827,4G,0.0169964
lot_827,5G,0.000608093
lot_828,4G,0.0169873
lot_828,5G,0.000603274
lot_829,4G,0.0169928
lot_829,5G,0.000581938
lot_830,4G,0.017001
lot_830,5G,0.000613833
lot_831,4G,0.0170191
lot_831,5G,0.000602687
lot_832,4G,0.0170044
lot_832,5G,0.00061458
lot_833,4G,0.0169766
lot_833,5G,0.00058283
lot_834,4G,0.0170193
lot_834,5G,0.000600618
lot_835,4G,0.0169919
lot_835,5G,0.000586285
lot_836,4G,0.016999
lot_836,5G,0.000604423
lot_837,4G,0.0169943
lot_837,5G,0.000595988
lot_838,4G,0.0169964
lot_838,5G,0.000591668
lot_839,4G,0.017015
lot_839,5G,0.000603818
lot_840,4G,0.0169958
lot_840,5G,0.000589451
lot_841,4G,0.0170031
lot_841,5G,0.000608961
lot_842,4G,0.0169896
lot_842,5G,0.000582583
lot_843,4G,0.0169926
lot_843,5G,0.000615293
lot_844,4G,0.0169899
lot_844,5G,0.00061045
lot_845,4G,0.0170006
lot_845,5G,0.000619003
lot_846,4G,0.0169844
lot_846,5G,0.00060756
lot_847,4G,0.0170229
lot_847,5G,0.000605572
lot_848,4G,0.0170071
lot_848,5G,0.00061126
lot_849,4G,0.0169944
lot_849,5G,0.000601364
lot_850,4G,0.0170073
lot_850,5G,0.000590939
lot_851,4G,0.0169919
lot_851,5G,0.000588755
lot_852,4G,0.0169936
lot_852,5G,0.000591493
lot_853,4G,0.0169897
lot_853,5G,0.000609833
lot_854,4G,0.0169944
lot_854,5G,0.000582096
lot_855,4G,0.0169992
lot_855,5G,0.000617079
lot_856,4G,0.0170051
lot_856,5G,0.00060987
lot_857,4G,0.016992
lot_857,5G,0.000583175
lot_858,4G,0.016995
lot_858,5G,0.000603321
lot_859,4G,0.0170039
lot_859,5G,0.00059682
lot_860,4G,0.0169926
lot_860,5G,0.000609854
lot_861,4G,0.017001
lot_861,5G,0.000614229
lot_862,4G,0.0170062
lot_862,5G,0.000603063
lot_863,4G,0.0169991
lot_863,5G,0.000593222
lot_864,4G,0.0170024
lot_864,5G,0.000592355
lot_865,4G,0.0169977
lot_865,5G,0.000591263
lot_866,4G,0.0170188
lot_866,5G,0.000588385
lot_867,4G,0.0170128
lot_867,5G,0.000599017
lot_868,4G,0.0169785
lot_868,5G,0.000606388
lot_869,4G,0.0170025
lot_869,5G,0.00059814
lot_870,4G,0.0170035
lot_870,5G,0.000590817
lot_871,4G,0.0170002
lot_871,5G,0.000605208
lot_872,4G,0.0169975
lot_872,5G,0.000589841
lot_873,4G,0.0170111
lot_873,5G,0.000613232
lot_874,4G,0.0169982
lot_874,5G,0.000607404
lot_875,4G,0.0170127
lot_875,5G,0.000583251
lot_876,4G,0.0169978
lot_876,5G,0.000593727
lot_877,4G,0.0170206
lot_877,5G,0.000595375
lot_878,4G,0.0170029
lot_878,5G,0.000590119
lot_879,4G,0.0170042
lot_879,5G,0.000614782
lot_880,4G,0.0170071
lot_880,5G,0.000613534
lot_881,4G,0.0169906
lot_881,5G,0.000602211
lot_882,4G,0.0170045
lot_882,5G,0.000607014
lot_883,4G,0.0169932
lot_883,5G,0.000606582
lot_884,4G,0.0170004
lot_884,5G,0.000603252
lot_885,4G,0.0169831
lot_885,5G,0.000578689
lot_886,4G,0.0169983
lot_886,5G,0.000605796
lot_887,4G,0.0170125
lot_887,5G,0.000601825
lot_888,4G,0.0170012
lot_888,5G,0.000591815
lot_889,4G,0.0170034
lot_889,5G,0.000593718
lot_890,4G,0.0169973
lot_890,5G,0.000598554
lot_891,4G,0.0170059
lot_891,5G,0.000623453
lot_892,4G,0.0170006
lot_892,5G,0.000599098
lot_893,4G,0.017019
lot_893,5G,0.000596776
lot_894,4G,0.0170029
lot_894,5G,0.000596544
lot_895,4G,0.0169995
lot_895,5G,0.000593267
lot_896,4G,0.0170074
lot_896,5G,0.000578914
lot_897,4G,0.0169933
lot_897,5G,0.000590432
lot_898,4G,0.016997
lot_898,5G,0.000597535
lot_899,4G,0.0170166
lot_899,5G,0.000610966
lot_900,4G,0.0170115
lot_900,5G,0.000616159
lot_901,4G,0.0169864
lot_901,5G,0.00058263
lot_902,4G,0.0170025
lot_902,5G,0.000583722
lot_903,4G,0.0169973
lot_903,5G,0.000606804
lot_904,4G,0.0169929
lot_904,5G,0.00062487
lot_905,4G,0.0170209
lot_905,5G,0.000609764
lot_906,4G,0.0170147
lot_906,5G,0.000594888
lot_907,4G,0.0169869
lot_907,5G,0.000588348
lot_908,4G,0.0169995
lot_908,5G,0.000607178
lot_909,4G,0.017
lot_909,5G,0.000612263
lot_910,4G,0.0169953
lot_910,5G,0.000577824
lot_911,4G,0.0169976
lot_911,5G,0.000596121
lot_912,4G,0.017002
lot_912,5G,0.00059556
lot_913,4G,0.0169917
lot_913,5G,0.000592394
lot_914,4G,0.0169949
lot_914,5G,0.000595875
lot_915,4G,0.0169988
lot_915,5G,0.000604324
lot_916,4G,0.0170011
lot_916,5G,0.000607002
lot_917,4G,0.0169843
lot_917,5G,0.000614295
lot_918,4G,0.0170011
lot_918,5G,0.000586779
lot_919,4G,0.0169997
lot_919,5G,0.000594103
lot_920,4G,0.0169923
lot_920,5G,0.000595441
lot_921,4G,0.016999
lot_921,5G,0.000601042
lot_922,4G,0.016993
lot_922,5G,0.000614508
lot_923,4G,0.0170046
lot_923,5G,0.000603341
lot_924,4G,0.0170134
lot_924,5G,0.000580795
lot_925,4G,0.0169978
lot_925,5G,0.000594892
lot_926,4G,0.0170019
lot_926,5G,0.000620096
lot_927,4G,0.0170111
lot_927,5G,0.000611986
lot_928,4G,0.0169941
lot_928,5G,0.00061181
lot_929,4G,0.0169898
lot_929,5G,0.000581527
lot_930,4G,0.0170143
lot_930,5G,0.000590944
lot_931,4G,0.0169931
lot_931,5G,0.000589217
lot_932,4G,0.0170023
lot_932,5G,0.000607435
lot_933,4G,0.0169941
lot_933,5G,0.000597279
lot_934,4G,0.0170005
lot_934,5G,0.000599897
lot_935,4G,0.0170023
lot_935,5G,0.000591504
lot_936,4G,0.0169821
lot_936,5G,0.000596382
lot_937,4G,0.0169928
lot_937,5G,0.000615651
lot_938,4G,0.0169942
lot_938,5G,0.000595975
lot_939,4G,0.0170021
lot_939,5G,0.000602127
lot_940,4G,0.0170113
lot_940,5G,0.000585885
lot_941,4G,0.0170228
lot_941,5G,0.000575898
lot_942,4G,0.0169896
lot_942,5G,0.000610392
lot_943,4G,0.0169971
lot_943,5G,0.000597351
lot_944,4G,0.0170096
lot_944,5G,0.000602481
lot_945,4G,0.0170033
lot_945,5G,0.000629983
lot_946,4G,0.0169899
lot_946,5G,0.000594244
lot_947,4G,0.0170053
lot_947,5G,0.000601963
lot_948,4G,0.0169893
lot_948,5G,0.000588644
lot_949,4G,0.0169917
lot_949,5G,0.000588053
lot_950,4G,0.0169979
lot_950,5G,0.000608026
lot_951,4G,0.0170041
lot_951,5G,0.000597469
lot_952,4G,0.0170081
lot_952,5G,0.000612732
lot_953,4G,0.0169918
lot_953,5G,0.000590534
lot_954,4G,0.0169877
lot_954,5G,0.000603259
lot_955,4G,0.0170001
lot_955,5G,0.000608386
lot_956,4G,0.0170039
lot_956,5G,0.000619284
lot_957,4G,0.0169906
lot_957,5G,0.000594015
lot_958,4G,0.0169859
lot_958,5G,0.000608502
lot_959,4G,0.017003
lot_959,5G,0.000603666
lot_960,4G,0.0169972
lot_960,5G,0.000615959
lot_961,4G,0.0169881
lot_961,5G,0.000605838
lot_962,4G,0.0170129
lot_962,5G,0.000602582
lot_963,4G,0.0169953
lot_963,5G,0.000596772
lot_964,4G,0.0170014
lot_964,5G,0.000594241
lot_965,4G,0.0169848
lot_965,5G,0.000604901
lot_966,4G,0.0169907
lot_966,5G,0.000598481
lot_967,4G,0.0170001
lot_967,5G,0.000600268
lot_968,4G,0.0169914
lot_968,5G,0.000597453
lot_969,4G,0.016993
lot_969,5G,0.000599719
lot_970,4G,0.0169983
lot_970,5G,0.000588283
lot_971,4G,0.0169901
lot_971,5G,0.00059685
lot_972,4G,0.0169992
lot_972,5G,0.000622402
lot_973,4G,0.0170089
lot_973,5G,0.000609329
lot_974,4G,0.017002
lot_974,5G,0.00059196
lot_975,4G,0.0170044
lot_975,5G,0.0005965
lot_976,4G,0.0169971
lot_976,5G,0.000594481
lot_977,4G,0.0169928
lot_977,5G,0.000588096
lot_978,4G,0.0170051
lot_978,5G,0.000596661
lot_979,4G,0.0169932
lot_979,5G,0.000590052
lot_980,4G,0.0169999
lot_980,5G,0.000604939
lot_981,4G,0.0169796
lot_981,5G,0.000600052
lot_982,4G,0.0169963
lot_982,5G,0.00059699
lot_983,4G,0.0170043
lot_983,5G,0.000590494
lot_984,4G,0.0170048
lot_984,5G,0.00060121
lot_985,4G,0.0169965
lot_985,5G,0.000588064
lot_986,4G,0.0169907
lot_986,5G,0.000604593
lot_987,4G,0.0169955
lot_987,5G,0.000582282
lot_988,4G,0.0170005
lot_988,5G,0.000603121
lot_989,4G,0.0169902
lot_989,5G,0.000614244
lot_990,4G,0.0169937
lot_990,5G,0.000580222
lot_991,4G,0.0170058
lot_991,5G,0.000620815
lot_992,4G,0.0169855
lot_992,5G,0.000587734
lot_993,4G,0.0169903
lot_993,5G,0.000603802
lot_994,4G,0.0169955
lot_994,5G,0.000614684
lot_995,4G,0.0170119
lot_995,5G,0.000595083
lot_996,4G,0.0170134
lot_996,5G,0.000598511
lot_997,4G,0.0170048
lot_997,5G,0.000602424
lot_998,4G,0.0170002
lot_998,5G,0.000597213
lot_999,4G,0.0169996
lot_999,5G,0.000595171
lot_1000,4G,0.017015
lot_1000,5G,0.00062392
lot_1001,4G,0.0169932
lot_1001,5G,0.000577033
lot_1002,4G,0.0170008
lot_1002,5G,0.000612298
lot_1003,4G,0.0170066
lot_1003,5G,0.000599913
lot_1004,4G,0.0170031
lot_1004,5G,0.000602901
lot_1005,4G,0.0170125
lot_1005,5G,0.0006071
lot_1006,4G,0.0170079
lot_1006,5G,0.0006168
lot_1007,4G,0.0169969
lot_1007,5G,0.000591734
lot_1008,4G,0.0170111
lot_1008,5G,0.000586517
lot_1009,4G,0.0169846
lot_1009,5G,0.000594979
lot_1010,4G,0.0169998
lot_1010,5G,0.000609692
lot_1011,4G,0.0169975
lot_1011,5G,0.000590762
lot_1012,4G,0.0169968
lot_1012,5G,0.000591109
lot_1013,4G,0.0169926
lot_1013,5G,0.000585929
lot_1014,4G,0.0169828
lot_1014,5G,0.000591751
lot_1015,4G,0.0169999
lot_1015,5G,0.000605996
lot_1016,4G,0.0169922
lot_1016,5G,0.000607766
lot_1017,4G,0.0170009
lot_1017,5G,0.000592359
lot_1018,4G,0.01699
lot_1018,5G,0.000584982
lot_1019,4G,0.0170075
lot_1019,5G,0.000612858
lot_1020,4G,0.017004
lot_1020,5G,0.000590378
lot_1021,4G,0.0170067
lot_1021,5G,0.000596093
lot_1022,4G,0.0169933
lot_1022,5G,0.000593118
lot_1023,4G,0.0170043
lot_1023,5G,0.000603385
lot_1024,4G,0.0170169
lot_1024,5G,0.000576948
lot_1025,4G,0.0170034
lot_1025,5G,0.000590481
lot_1026,4G,0.0170146
lot_1026,5G,0.000582382
lot_1027,4G,0.0169974
lot_1027,5G,0.000596707
lot_1028,4G,0.0170047
lot_1028,5G,0.00060775
lot_1029,4G,0.0169961
lot_1029,5G,0.000597848
lot_1030,4G,0.0169893
lot_1030,5G,0.000608704
lot_1031,4G,0.0170083
lot_1031,5G,0.000592946
lot_1032,4G,0.0169925
lot_1032,5G,0.000587932
lot_1033,4G,0.0169929
lot_1033,5G,0.00058428
lot_1034,4G,0.0170136
lot_1034,5G,0.000596014
lot_1035,4G,0.0169936
lot_1035,5G,0.000594376
lot_1036,4G,0.0170065
lot_1036,5G,0.000607976
lot_1037,4G,0.0170161
lot_1037,5G,0.000608185
lot_1038,4G,0.0170075
lot_1038,5G,0.000599419
lot_1039,4G,0.0169926
lot_1039,5G,0.000608063
lot_1040,4G,0.016996
lot_1040,5G,0.000593048
lot_1041,4G,0.016981
lot_1041,5G,0.00059799
lot_1042,4G,0.0169945
lot_1042,5G,0.000594274
lot_1043,4G,0.016991
lot_1043,5G,0.000600298
lot_1044,4G,0.0169906
lot_1044,5G,0.000595549
lot_1045,4G,0.0169955
lot_1045,5G,0.000586932
lot_1046,4G,0.0170074
lot_1046,5G,0.000596986
lot_1047,4G,0.0169988
lot_1047,5G,0.000583314
lot_1048,4G,0.017
lot_1048,5G,0.000582912
lot_1049,4G,0.0170001
lot_1049,5G,0.000581685
lot_1050,4G,0.0170027
lot_1050,5G,0.000600142
lot_1051,4G,0.0169976
lot_1051,5G,0.000599671
lot_1052,4G,0.0170139
lot_1052,5G,0.000609052
lot_1053,4G,0.016997
lot_1053,5G,0.000586147
lot_1054,4G,0.0169922
lot_1054,5G,0.00060044
lot_1055,4G,0.0170053
lot_1055,5G,0.000596955
lot_1056,4G,0.017006
lot_1056,5G,0.000609453
lot_1057,4G,0.0169993
lot_1057,5G,0.000601334
lot_1058,4G,0.0169841
lot_1058,5G,0.000595571
lot_1059,4G,0.0169886
lot_1059,5G,0.000613419
lot_1060,4G,0.0169908
lot_1060,5G,0.000586791
lot_1061,4G,0.0170038
lot_1061,5G,0.000604074
lot_1062,4G,0.0170097
lot_1062,5G,0.000603011
lot_1063,4G,0.0169839
lot_1063,5G,0.000603514
lot_1064,4G,0.0170067
lot_1064,5G,0.000577792
lot_1065,4G,0.0170033
lot_1065,5G,0.000599498
lot_1066,4G,0.0170086
lot_1066,5G,0.000604498
lot_1067,4G,0.0170276
lot_1067,5G,0.000602003
lot_1068,4G,0.0170029
lot_1068,5G,0.000599056
lot_1069,4G,0.0169983
lot_1069,5G,0.000591774
lot_1070,4G,0.0169936
lot_1070,5G,0.000607546
lot_1071,4G,0.0169947
lot_1071,5G,0.000611215
lot_1072,4G,0.0169888
lot_1072,5G,0.000593255
lot_1073,4G,0.0169837
lot_1073,5G,0.000588954
lot_1074,4G,0.0170176
lot_1074,5G,0.000580659
lot_1075,4G,0.0170125
lot_1075,5G,0.000600005
lot_1076,4G,0.0170116
lot_1076,5G,0.000603922
lot_1077,4G,0.0170094
lot_1077,5G,0.000585116
lot_1078,4G,0.016979
lot_1078,5G,0.000626499
lot_1079,4G,0.0169842
lot_1079,5G,0.00060029
lot_1080,4G,0.0169965
lot_1080,5G,0.000608722
lot_1081,4G,0.0170004
lot_1081,5G,0.000591229
lot_1082,4G,0.0170119
lot_1082,5G,0.000599577
lot_1083,4G,0.0169899
lot_1083,5G,0.000593421
lot_1084,4G,0.017006
lot_1084,5G,0.000589546
lot_1085,4G,0.0170075
lot_1085,5G,0.000591974
lot_1086,4G,0.0170175
lot_1086,5G,0.00059836
lot_1087,4G,0.0169829
lot_1087,5G,0.000604791
lot_1088,4G,0.016996
lot_1088,5G,0.000604088
lot_1089,4G,0.016989
lot_1089,5G,0.00059297
lot_1090,4G,0.0170015
lot_1090,5G,0.000605252
lot_1091,4G,0.0169847
lot_1091,5G,0.000599721
lot_1092,4G,0.0169956
lot_1092,5G,0.000596942
lot_1093,4G,0.0170036
lot_1093,5G,0.000607663
lot_1094,4G,0.0169866
lot_1094,5G,0.000595579
lot_1095,4G,0.0170013
lot_1095,5G,0.000612
lot_1096,4G,0.0169858
lot_1096,5G,0.000605452
lot_1097,4G,0.0169939
lot_1097,5G,0.000589828
lot_1098,4G,0.0169951
lot_1098,5G,0.000604068
lot_1099,4G,0.0169807
lot_1099,5G,0.000604318
lot_1100,4G,0.0169973
lot_1100,5G,0.00061687
lot_1101,4G,0.0170002
lot_1101,5G,0.000576637
lot_1102,4G,0.0169915
lot_1102,5G,0.000614806
lot_1103,4G,0.0169979
lot_1103,5G,0.00058998
lot_1104,4G,0.0169972
lot_1104,5G,0.000596138
lot_1105,4G,0.0169973
lot_1105,5G,0.000585956
lot_1106,4G,0.0169826
lot_1106,5G,0.000600403
lot_1107,4G,0.0169841
lot_1107,5G,0.000603718
lot_1108,4G,0.0169968
lot_1108,5G,0.000608551
lot_1109,4G,0.0170054
lot_1109,5G,0.000611931
lot_1110,4G,0.0169852
lot_1110,5G,0.000597362
lot_1111,4G,0.0170059
lot_1111,5G,0.000612836
lot_1112,4G,0.0170092
lot_1112,5G,0.000578837
lot_1113,4G,0.0169952
lot_1113,5G,0.000598196
lot_1114,4G,0.0169982
lot_1114,5G,0.000596205
lot_1115,4G,0.0170149
lot_1115,5G,0.000608143
lot_1116,4G,0.0169986
lot_1116,5G,0.000589362
lot_1117,4G,0.016999
lot_1117,5G,0.000599531
lot_1118,4G,0.0169944
lot_1118,5G,0.000607242
lot_1119,4G,0.0169943
lot_1119,5G,0.000604877
lot_1120,4G,0.0170016
lot_1120,5G,0.000612965
lot_1121,4G,0.0170071
lot_1121,5G,0.000589217
lot_1122,4G,0.0169926
lot_1122,5G,0.00058686
lot_1123,4G,0.0169929
lot_1123,5G,0.000599905
lot_1124,4G,0.0169986
lot_1124,5G,0.000612949
lot_1125,4G,0.0170184
lot_1125,5G,0.00059454
lot_1126,4G,0.0170142
lot_1126,5G,0.000583472
lot_1127,4G,0.0169882
lot_1127,5G,0.000582097
lot_1128,4G,0.0170115
lot_1128,5G,0.000615034
lot_1129,4G,0.0169989
lot_1129,5G,0.000607828
lot_1130,4G,0.0170015
lot_1130,5G,0.000605594
lot_1131,4G,0.0170095
lot_1131,5G,0.000615844
lot_1132,4G,0.0169941
lot_1132,5G,0.000592043
lot_1133,4G,0.0169943
lot_1133,5G,0.000584906
lot_1134,4G,0.0169765
lot_1134,5G,0.000601319
lot_1135,4G,0.0169895
lot_1135,5G,0.000582712
lot_1136,4G,0.0169905
lot_1136,5G,0.000619293
lot_1137,4G,0.017013
lot_1137,5G,0.000613681
lot_1138,4G,0.0169871
lot_1138,5G,0.000590827
lot_1139,4G,0.0170105
lot_1139,5G,0.000600489
lot_1140,4G,0.017013
lot_1140,5G,0.000601422
lot_1141,4G,0.0170016
lot_1141,5G,0.000596782
lot_1142,4G,0.0169668
lot_1142,5G,0.000606448
lot_1143,4G,0.0169932
lot_1143,5G,0.000599365
lot_1144,4G,0.0170023
lot_1144,5G,0.000590123
lot_1145,4G,0.0170055
lot_1145,5G,0.000593562
lot_1146,4G,0.017018
lot_1146,5G,0.000602199
lot_1147,4G,0.0169867
lot_1147,5G,0.000610356
lot_1148,4G,0.0169856
lot_1148,5G,0.000582881
lot_1149,4G,0.0169969
lot_1149,5G,0.000600528
lot_1150,4G,0.0169974
lot_1150,5G,0.000603136
lot_1151,4G,0.0169955
lot_1151,5G,0.000601871
lot_1152,4G,0.0169932
lot_1152,5G,0.000608268
lot_1153,4G,0.0170023
lot_1153,5G,0.000592583
lot_1154,4G,0.0169985
lot_1154,5G,0.00059747
lot_1155,4G,0.0170219
lot_1155,5G,0.000617184
lot_1156,4G,0.0170042
lot_1156,5G,0.000605631
lot_1157,4G,0.0170099
lot_1157,5G,0.000596827
lot_1158,4G,0.0169951
lot_1158,5G,0.000596482
lot_1159,4G,0.0170067
lot_1159,5G,0.000592636
lot_1160,4G,0.0170058
lot_1160,5G,0.000586261
lot_1161,4G,0.0169958
lot_1161,5G,0.000598091
lot_1162,4G,0.0169974
lot_1162,5G,0.000606488
lot_1163,4G,0.0169977
lot_1163,5G,0.000580231
lot_1164,4G,0.0169818
lot_1164,5G,0.00059106
lot_1165,4G,0.0170085
lot_1165,5G,0.000597738
lot_1166,4G,0.0170035
lot_1166,5G,0.000619036
lot_1167,4G,0.0170169
lot_1167,5G,0.000582985
lot_1168,4G,0.0170137
lot_1168,5G,0.000594996
lot_1169,4G,0.017006
lot_1169,5G,0.000601238
lot_1170,4G,0.0170014
lot_1170,5G,0.000596639
lot_1171,4G,0.0170035
lot_1171,5G,0.000620025
lot_1172,4G,0.0170153
lot_1172,5G,0.000614207
lot_1173,4G,0.0170021
lot_1173,5G,0.000601146
lot_1174,4G,0.0170001
lot_1174,5G,0.00060134
lot_1175,4G,0.0170071
lot_1175,5G,0.000599423
lot_1176,4G,0.0170024
lot_1176,5G,0.000588998
lot_1177,4G,0.0169984
lot_1177,5G,0.000603961
lot_1178,4G,0.0169816
lot_1178,5G,0.000612106
lot_1179,4G,0.0169946
lot_1179,5G,0.000608184
lot_1180,4G,0.0169992
lot_1180,5G,0.000583345
lot_1181,4G,0.0169901
lot_1181,5G,0.000605006
lot_1182,4G,0.016989
lot_1182,5G,0.000606354
lot_1183,4G,0.0169958
lot_1183,5G,0.000587124
lot_1184,4G,0.0170048
lot_1184,5G,0.000604996
lot_1185,4G,0.0169842
lot_1185,5G,0.000597782
lot_1186,4G,0.0170043
lot_1186,5G,0.000599963
lot_1187,4G,0.0170167
lot_1187,5G,0.000587093
lot_1188,4G,0.0170014
lot_1188,5G,0.000599839
lot_1189,4G,0.0169922
lot_1189,5G,0.000594838
lot_1190,4G,0.0169799
lot_1190,5G,0.000576951
lot_1191,4G,0.0170075
lot_1191,5G,0.000607819
lot_1192,4G,0.0169993
lot_1192,5G,0.0006015
lot_1193,4G,0.0170177
lot_1193,5G,0.000604503
lot_1194,4G,0.0169844
lot_1194,5G,0.000609426
lot_1195,4G,0.0170056
lot_1195,5G,0.000603756
lot_1196,4G,0.0169831
lot_1196,5G,0.00061658
lot_1197,4G,0.0169876
lot_1197,5G,0.000601551
lot_1198,4G,0.0169883
lot_1198,5G,0.00059246
lot_1199,4G,0.0170029
lot_1199,5G,0.000608278
lot_1200,4G,0.0170018
lot_1200,5G,0.000615428
lot_1201,4G,0.0170056
lot_1201,5G,0.000590856
lot_1202,4G,0.0169882
lot_1202,5G,0.000597962
lot_1203,4G,0.0170006
lot_1203,5G,0.000606695
lot_1204,4G,0.0170038
lot_1204,5G,0.000597374
lot_1205,4G,0.017006
lot_1205,5G,0.000600672
lot_1206,4G,0.017012
lot_1206,5G,0.000592211
lot_1207,4G,0.0170073
lot_1207,5G,0.000598455
lot_1208,4G,0.0169955
lot_1208,5G,0.000597553
lot_1209,4G,0.0169944
lot_1209,5G,0.000610969
lot_1210,4G,0.0169949
lot_1210,5G,0.000609049
lot_1211,4G,0.0169884
lot_1211,5G,0.000587669
lot_1212,4G,0.0170186
lot_1212,5G,0.000592081
lot_1213,4G,0.0169912
lot_1213,5G,0.000610096
lot_1214,4G,0.0170231
lot_1214,5G,0.000598939
lot_1215,4G,0.0169895
lot_1215,5G,0.000595573
lot_1216,4G,0.0169844
lot_1216,5G,0.000604435
lot_1217,4G,0.0169941
lot_1217,5G,0.000595153
lot_1218,4G,0.0170017
lot_1218,5G,0.000597826
lot_1219,4G,0.017012
lot_1219,5G,0.000593505
lot_1220,4G,0.0169952
lot_1220,5G,0.000593819
lot_1221,4G,0.0170091
lot_1221,5G,0.000585963
lot_1222,4G,0.0169953
lot_1222,5G,0.000587396
lot_1223,4G,0.016999
lot_1223,5G,0.000601111
lot_1224,4G,0.0169915
lot_1224,5G,0.000591327
lot_1225,4G,0.0170039
lot_1225,5G,0.000594491
lot_1226,4G,0.0169961
lot_1226,5G,0.000592069
lot_1227,4G,0.0169974
lot_1227,5G,0.000593133
lot_1228,4G,0.0169912
lot_1228,5G,0.000585895
lot_1229,4G,0.0169863
lot_1229,5G,0.000601714
lot_1230,4G,0.0170072
lot_1230,5G,0.000606751
lot_1231,4G,0.0170127
lot_1231,5G,0.000584502
lot_1232,4G,0.0170044
lot_1232,5G,0.00061022
lot_1233,4G,0.0170178
lot_1233,5G,0.000607467
lot_1234,4G,0.0170055
lot_1234,5G,0.000602449
lot_1235,4G,0.0170228
lot_1235,5G,0.000612674
lot_1236,4G,0.0170026
lot_1236,5G,0.000615128
lot_1237,4G,0.0169917
lot_1237,5G,0.00060008
lot_1238,4G,0.0169841
lot_1238,5G,0.000611894
lot_1239,4G,0.0169813
lot_1239,5G,0.000612509
lot_1240,4G,0.0170108
lot_1240,5G,0.000600875
lot_1241,4G,0.0169933
lot_1241,5G,0.000591389
lot_1242,4G,0.016992
lot_1242,5G,0.000604554
lot_1243,4G,0.0169975
lot_1243,5G,0.0006149
lot_1244,4G,0.0170089
lot_1244,5G,0.000609202
lot_1245,4G,0.0170113
lot_1245,5G,0.000600407
lot_1246,4G,0.0169851
lot_1246,5G,0.000583091
lot_1247,4G,0.0170045
lot_1247,5G,0.000578587
lot_1248,4G,0.0169883
lot_1248,5G,0.000600885
lot_1249,4G,0.0169967
lot_1249,5G,0.000612953
lot_1250,4G,0.0170069
lot_1250,5G,0.000610813
lot_1251,4G,0.0170111
lot_1251,5G,0.000605187
lot_1252,4G,0.0169881
lot_1252,5G,0.000599417
lot_1253,4G,0.0169935
lot_1253,5G,0.000603072
lot_1254,4G,0.0169974
lot_1254,5G,0.000605816
lot_1255,4G,0.0169911
lot_1255,5G,0.00058117
lot_1256,4G,0.0169832
lot_1256,5G,0.000592616
lot_1257,4G,0.0170004
lot_1257,5G,0.000607378
lot_1258,4G,0.0170067
lot_1258,5G,0.000598241
lot_1259,4G,0.0169954
lot_1259,5G,0.00059736
lot_1260,4G,0.017004
lot_1260,5G,0.000594447
lot_1261,4G,0.0170029
lot_1261,5G,0.000603275
lot_1262,4G,0.0169956
lot_1262,5G,0.000610603
lot_1263,4G,0.0170064
lot_1263,5G,0.000596828
lot_1264,4G,0.017015
lot_1264,5G,0.000609562
lot_1265,4G,0.0169973
lot_1265,5G,0.000604355
lot_1266,4G,0.0169963
lot_1266,5G,0.000598557
lot_1267,4G,0.0170058
lot_1267,5G,0.000582472
lot_1268,4G,0.0169974
lot_1268,5G,0.000602794
lot_1269,4G,0.017009
lot_1269,5G,0.000619554
lot_1270,4G,0.0169988
lot_1270,5G,0.000619266
lot_1271,4G,0.017013
lot_1271,5G,0.000611348
lot_1272,4G,0.0170017
lot_1272,5G,0.000595441
lot_1273,4G,0.0169983
lot_1273,5G,0.000591288
lot_1274,4G,0.0170145
lot_1274,5G,0.0006035
lot_1275,4G,0.016999
lot_1275,5G,0.000599485
lot_1276,4G,0.0169926
lot_1276,5G,0.000574149
lot_1277,4G,0.0170042
lot_1277,5G,0.00059161
lot_1278,4G,0.0170241
lot_1278,5G,0.000597409
lot_1279,4G,0.0170011
lot_1279,5G,0.000598733
lot_1280,4G,0.0170093
lot_1280,5G,0.000599437
lot_1281,4G,0.0169935
lot_1281,5G,0.000596839
lot_1282,4G,0.0170045
lot_1282,5G,0.000594001
lot_1283,4G,0.0169906
lot_1283,5G,0.000615309
lot_1284,4G,0.0169956
lot_1284,5G,0.000604123
lot_1285,4G,0.0169934
lot_1285,5G,0.000592973
lot_1286,4G,0.0169782
lot_1286,5G,0.000610635
lot_1287,4G,0.0169908
lot_1287,5G,0.000597467
lot_1288,4G,0.0169959
lot_1288,5G,0.000610518
lot_1289,4G,0.0169916
lot_1289,5G,0.000600233
lot_1290,4G,0.017011
lot_1290,5G,0.000598843
lot_1291,4G,0.0170133
lot_1291,5G,0.000597884
lot_1292,4G,0.0170044
lot_1292,5G,0.000601093
lot_1293,4G,0.0170088
lot_1293,5G,0.000594865
lot_1294,4G,0.0170063
lot_1294,5G,0.000581224
lot_1295,4G,0.0170049
lot_1295,5G,0.000572306
lot_1296,4G,0.0170186
lot_1296,5G,0.000587685
lot_1297,4G,0.0170093
lot_1297,5G,0.000601285
lot_1298,4G,0.0170023
lot_1298,5G,0.000603427
lot_1299,4G,0.0169921
lot_1299,5G,0.000613921
lot_1300,4G,0.0170098
lot_1300,5G,0.000593992
lot_1301,4G,0.0169986
lot_1301,5G,0.000593362
lot_1302,4G,0.0169971
lot_1302,5G,0.000606804
lot_1303,4G,0.0170062
lot_1303,5G,0.000604893
lot_1304,4G,0.017004
lot_1304,5G,0.000610637
lot_1305,4G,0.0169833
lot_1305,5G,0.000611181
lot_1306,4G,0.0169899
lot_1306,5G,0.000586144
lot_1307,4G,0.0170016
lot_1307,5G,0.00061
lot_1308,4G,0.0169937
lot_1308,5G,0.000586742
lot_1309,4G,0.0170018
lot_1309,5G,0.000600517
lot_1310,4G,0.0169838
lot_1310,5G,0.000594022
lot_1311,4G,0.0169812
lot_1311,5G,0.00060176
lot_1312,4G,0.0170064
lot_1312,5G,0.00059823
lot_1313,4G,0.0169789
lot_1313,5G,0.000606369
lot_1314,4G,0.0170141
lot_1314,5G,0.0006006
lot_1315,4G,0.0169901
lot_1315,5G,0.00061213
lot_1316,4G,0.0169966
lot_1316,5G,0.000596292
lot_1317,4G,0.0170043
lot_1317,5G,0.000600344
lot_1318,4G,0.0170061
lot_1318,5G,0.000599337
lot_1319,4G,0.0170052
lot_1319,5G,0.000601032
lot_1320,4G,0.0170047
lot_1320,5G,0.000598692
lot_1321,4G,0.0170078
lot_1321,5G,0.000589606
lot_1322,4G,0.0170161
lot_1322,5G,0.000591171
lot_1323,4G,0.0170121
lot_1323,5G,0.000606136
lot_1324,4G,0.0170058
lot_1324,5G,0.000598262
lot_1325,4G,0.0169899
lot_1325,5G,0.000595921
lot_1326,4G,0.0170124
lot_1326,5G,0.000593973
lot_1327,4G,0.0169971
lot_1327,5G,0.000620414
lot_1328,4G,0.0169949
lot_1328,5G,0.000597112
lot_1329,4G,0.0170083
lot_1329,5G,0.000598809
lot_1330,4G,0.0169943
lot_1330,5G,0.000614195
lot_1331,4G,0.0169976
lot_1331,5G,0.000609484
lot_1332,4G,0.0169885
lot_1332,5G,0.000604786
lot_1333,4G,0.0169899
lot_1333,5G,0.000624357
lot_1334,4G,0.0170105
lot_1334,5G,0.000599683
lot_1335,4G,0.0169985
lot_1335,5G,0.000606446
lot_1336,4G,0.0169887
lot_1336,5G,0.000589438
lot_1337,4G,0.0170013
lot_1337,5G,0.000601206
lot_1338,4G,0.0170003
lot_1338,5G,0.000604737
lot_1339,4G,0.0169779
lot_1339,5G,0.000600271
lot_1340,4G,0.0170083
lot_1340,5G,0.00059315
lot_1341,4G,0.0169936
lot_1341,5G,0.000578418
lot_1342,4G,0.0169865
lot_1342,5G,0.000613555
lot_1343,4G,0.0170131
lot_1343,5G,0.000611949
lot_1344,4G,0.0170038
lot_1344,5G,0.000616246
lot_1345,4G,0.0170013
lot_1345,5G,0.00060309
lot_1346,4G,0.0169805
lot_1346,5G,0.000591735
lot_1347,4G,0.0169868
lot_1347,5G,0.000582905
lot_1348,4G,0.016987
lot_1348,5G,0.000586384
lot_1349,4G,0.0169962
lot_1349,5G,0.00060058
lot_1350,4G,0.0170175
lot_1350,5G,0.000594466
lot_1351,4G,0.016992
lot_1351,5G,0.000607116
lot_1352,4G,0.0169968
lot_1352,5G,0.000588309
lot_1353,4G,0.0170063
lot_1353,5G,0.00060027
lot_1354,4G,0.0170032
lot_1354,5G,0.000599395
lot_1355,4G,0.0170047
lot_1355,5G,0.000593774
lot_1356,4G,0.0170088
lot_1356,5G,0.000591722
lot_1357,4G,0.0170104
lot_1357,5G,0.000598826
lot_1358,4G,0.0170017
lot_1358,5G,0.000605193
lot_1359,4G,0.016997
lot_1359,5G,0.000600675
lot_1360,4G,0.0170036
lot_1360,5G,0.000591504
lot_1361,4G,0.0170009
lot_1361,5G,0.000585068
lot_1362,4G,0.016999
lot_1362,5G,0.000617127
lot_1363,4G,0.0170161
lot_1363,5G,0.000602139
lot_1364,4G,0.0170034
lot_1364,5G,0.000596627
lot_1365,4G,0.016991
lot_1365,5G,0.00059692
lot_1366,4G,0.0169934
lot_1366,5G,0.000587371
lot_1367,4G,0.0170163
lot_1367,5G,0.000600704
lot_1368,4G,0.0170008
lot_1368,5G,0.000598591
lot_1369,4G,0.017006
lot_1369,5G,0.000590476
lot_1370,4G,0.0170074
lot_1370,5G,0.000605035
lot_1371,4G,0.0170026
lot_1371,5G,0.000600175
lot_1372,4G,0.0170054
lot_1372,5G,0.000592893
lot_1373,4G,0.0169883
lot_1373,5G,0.000611437
lot_1374,4G,0.0170056
lot_1374,5G,0.000600644
lot_1375,4G,0.0169955
lot_1375,5G,0.000597929
lot_1376,4G,0.0170034
lot_1376,5G,0.00060916
lot_1377,4G,0.0170139
lot_1377,5G,0.000605043
lot_1378,4G,0.0169964
lot_1378,5G,0.000591194
lot_1379,4G,0.0169981
lot_1379,5G,0.000602108
lot_1380,4G,0.0170095
lot_1380,5G,0.000618238
lot_1381,4G,0.017009
lot_1381,5G,0.000605254
lot_1382,4G,0.0169964
lot_1382,5G,0.000593844
lot_1383,4G,0.016988
lot_1383,5G,0.000599053
lot_1384,4G,0.016995
lot_1384,5G,0.000594955
lot_1385,4G,0.0169785
lot_1385,5G,0.000623674
lot_1386,4G,0.0170009
lot_1386,5G,0.000601063
lot_1387,4G,0.0169995
lot_1387,5G,0.000598273
lot_1388,4G,0.0169951
lot_1388,5G,0.000596941
lot_1389,4G,0.0169907
lot_1389,5G,0.000608068
lot_1390,4G,0.0169985
lot_1390,5G,0.000597113
lot_1391,4G,0.0170078
lot_1391,5G,0.000593806
lot_1392,4G,0.017009
lot_1392,5G,0.000601715
lot_1393,4G,0.0170045
lot_1393,5G,0.000590815
lot_1394,4G,0.0169798
lot_1394,5G,0.000610366
lot_1395,4G,0.0169829
lot_1395,5G,0.000593033
lot_1396,4G,0.0170042
lot_1396,5G,0.000591552
lot_1397,4G,0.0170195
lot_1397,5G,0.000609873
lot_1398,4G,0.0170053
lot_1398,5G,0.000597337
lot_1399,4G,0.0169979
lot_1399,5G,0.000610286
lot_1400,4G,0.0169867
lot_1400,5G,0.000596681
lot_1401,4G,0.0170239
lot_1401,5G,0.000590062
lot_1402,4G,0.0170069
lot_1402,5G,0.000605808
lot_1403,4G,0.0169972
lot_1403,5G,0.000593913
lot_1404,4G,0.0170063
lot_1404,5G,0.000605323
lot_1405,4G,0.0169914
lot_1405,5G,0.000602406
lot_1406,4G,0.0169946
lot_1406,5G,0.000597433
lot_1407,4G,0.0170048
lot_1407,5G,0.000603294
lot_1408,4G,0.0169921
lot_1408,5G,0.000609018
lot_1409,4G,0.017014
lot_1409,5G,0.000599192
lot_1410,4G,0.0169875
lot_1410,5G,0.000586069
lot_1411,4G,0.0169925
lot_1411,5G,0.000596446
lot_1412,4G,0.0170182
lot_1412,5G,0.00057912
lot_1413,4G,0.0169911
lot_1413,5G,0.000595954
lot_1414,4G,0.0169987
lot_1414,5G,0.000619077
lot_1415,4G,0.0169712
lot_1415,5G,0.000606982
lot_1416,4G,0.0169887
lot_1416,5G,0.000623402
lot_1417,4G,0.016989
lot_1417,5G,0.000595472
lot_1418,4G,0.0169957
lot_1418,5G,0.000599406
lot_1419,4G,0.0170164
lot_1419,5G,0.000602188
lot_1420,4G,0.0170045
lot_1420,5G,0.000611789
lot_1421,4G,0.0170058
lot_1421,5G,0.000595023
lot_1422,4G,0.0169763
lot_1422,5G,0.000596221
lot_1423,4G,0.0169933
lot_1423,5G,0.000590303
lot_1424,4G,0.0170125
lot_1424,5G,0.000581046
lot_1425,4G,0.0170077
lot_1425,5G,0.000602924
lot_1426,4G,0.0169911
lot_1426,5G,0.00059287
lot_1427,4G,0.0169874
lot_1427,5G,0.000594676
lot_1428,4G,0.0170037
lot_1428,5G,0.000597851
lot_1429,4G,0.0169987
lot_1429,5G,0.000590867
lot_1430,4G,0.0169909
lot_1430,5G,0.00059622
lot_1431,4G,0.0169894
lot_1431,5G,0.000623679
lot_1432,4G,0.0169955
lot_1432,5G,0.000600954
lot_1433,4G,0.0170073
lot_1433,5G,0.000609555
lot_1434,4G,0.0169927
lot_1434,5G,0.000603449
lot_1435,4G,0.016998
lot_1435,5G,0.000579446
lot_1436,4G,0.0170183
lot_1436,5G,0.000603075
lot_1437,4G,0.0169912
lot_1437,5G,0.000598474
lot_1438,4G,0.0170188
lot_1438,5G,0.000606572
lot_1439,4G,0.0170214
lot_1439,5G,0.000600401
lot_1440,4G,0.0169925
lot_1440,5G,0.000607501
lot_1441,4G,0.017003
lot_1441,5G,0.000604347
lot_1442,4G,0.0169959
lot_1442,5G,0.000610307
lot_1443,4G,0.016991
lot_1443,5G,0.000606438
lot_1444,4G,0.0169972
lot_1444,5G,0.000596647
lot_1445,4G,0.0169983
lot_1445,5G,0.000581408
lot_1446,4G,0.016997
lot_1446,5G,0.000595883
lot_1447,4G,0.016976
lot_1447,5G,0.000596235
lot_1448,4G,0.0170003
lot_1448,5G,0.000602643
lot_1449,4G,0.0169995
lot_1449,5G,0.000599366
lot_1450,4G,0.017003
lot_1450,5G,0.000600448
lot_1451,4G,0.0169893
lot_1451,5G,0.000593475
lot_1452,4G,0.0169988
lot_1452,5G,0.000595254
lot_1453,4G,0.0169945
lot_1453,5G,0.000604194
lot_1454,4G,0.0170159
lot_1454,5G,0.000594404
lot_1455,4G,0.0170073
lot_1455,5G,0.00059618
lot_1456,4G,0.0170015
lot_1456,5G,0.000616655
lot_1457,4G,0.0170123
lot_1457,5G,0.000601887
lot_1458,4G,0.0169888
lot_1458,5G,0.00059974
lot_1459,4G,0.0170097
lot_1459,5G,0.000586257
lot_1460,4G,0.0169958
lot_1460,5G,0.000610346
lot_1461,4G,0.0169877
lot_1461,5G,0.000587758
lot_1462,4G,0.0169929
lot_1462,5G,0.000603475
lot_1463,4G,0.0170127
lot_1463,5G,0.000609257
lot_1464,4G,0.0169978
lot_1464,5G,0.000593374
lot_1465,4G,0.0169963
lot_1465,5G,0.000589424
lot_1466,4G,0.0170124
lot_1466,5G,0.000590655
lot_1467,4G,0.017008
lot_1467,5G,0.000608727
lot_1468,4G,0.0169946
lot_1468,5G,0.000604795
lot_1469,4G,0.0169995
lot_1469,5G,0.000608567
lot_1470,4G,0.0170049
lot_1470,5G,0.00058426
lot_1471,4G,0.0170041
lot_1471,5G,0.000592301
lot_1472,4G,0.0169904
lot_1472,5G,0.000601515
lot_1473,4G,0.0170158
lot_1473,5G,0.000610584
lot_1474,4G,0.0170191
lot_1474,5G,0.0005857
lot_1475,4G,0.0169817
lot_1475,5G,0.000597531
lot_1476,4G,0.0169991
lot_1476,5G,0.000597794
lot_1477,4G,0.0170054
lot_1477,5G,0.000598713
lot_1478,4G,0.0169982
lot_1478,5G,0.000596937
lot_1479,4G,0.0169934
lot_1479,5G,0.000601095
lot_1480,4G,0.0170014
lot_1480,5G,0.000612674
lot_1481,4G,0.0170137
lot_1481,5G,0.00060404
lot_1482,4G,0.0170054
lot_1482,5G,0.000583063
lot_1483,4G,0.0169954
lot_1483,5G,0.000591071
lot_1484,4G,0.0170065
lot_1484,5G,0.00060832
lot_1485,4G,0.0170058
lot_1485,5G,0.000594386
lot_1486,4G,0.0170111
lot_1486,5G,0.000614027
lot_1487,4G,0.0169935
lot_1487,5G,0.00060475
lot_1488,4G,0.01701
lot_1488,5G,0.00058094
lot_1489,4G,0.0169957
lot_1489,5G,0.000594557
lot_1490,4G,0.0170022
lot_1490,5G,0.000608556
lot_1491,4G,0.0170109
lot_1491,5G,0.000608518
lot_1492,4G,0.0170099
lot_1492,5G,0.000600408
lot_1493,4G,0.0170043
lot_1493,5G,0.000610123
lot_1494,4G,0.016999
lot_1494,5G,0.000606587
lot_1495,4G,0.016991
lot_1495,5G,0.000577209
lot_1496,4G,0.016976
lot_1496,5G,0.000593621
lot_1497,4G,0.0170082
lot_1497,5G,0.000603321
lot_1498,4G,0.0169964
lot_1498,5G,0.0005958
lot_1499,4G,0.0170015
lot_1499,5G,0.00059131
lot_1500,4G,0.016998
lot_1500,5G,0.000594295
lot_1501,4G,0.0170069
lot_1501,5G,0.000599143
lot_1502,4G,0.0170175
lot_1502,5G,0.000616342
lot_1503,4G,0.0169813
lot_1503,5G,0.000600333
lot_1504,4G,0.0169882
lot_1504,5G,0.000609682
lot_1505,4G,0.017013
lot_1505,5G,0.000585879
lot_1506,4G,0.0169952
lot_1506,5G,0.000600782
lot_1507,4G,0.0170023
lot_1507,5G,0.000597447
lot_1508,4G,0.0170017
lot_1508,5G,0.000587482
lot_1509,4G,0.0169985
lot_1509,5G,0.000608094
lot_1510,4G,0.0169979
lot_1510,5G,0.000594826
lot_1511,4G,0.0170063
lot_1511,5G,0.000594143
lot_1512,4G,0.0170084
lot_1512,5G,0.000591169
lot_1513,4G,0.0169955
lot_1513,5G,0.000590569
lot_1514,4G,0.0169877
lot_1514,5G,0.000602378
lot_1515,4G,0.0170025
lot_1515,5G,0.000572634
lot_1516,4G,0.0170106
lot_1516,5G,0.000584569
lot_1517,4G,0.0169959
lot_1517,5G,0.000609941
lot_1518,4G,0.0169766
lot_1518,5G,0.000612643
lot_1519,4G,0.0169803
lot_1519,5G,0.000595923
lot_1520,4G,0.0170024
lot_1520,5G,0.000611778
lot_1521,4G,0.0169888
lot_1521,5G,0.000602711
lot_1522,4G,0.0169952
lot_1522,5G,0.000600741
lot_1523,4G,0.0169963
lot_1523,5G,0.000604354
lot_1524,4G,0.0169848
lot_1524,5G,0.0006208
lot_1525,4G,0.016993
lot_1525,5G,0.000594899
lot_1526,4G,0.0170001
lot_1526,5G,0.000589279
lot_1527,4G,0.0170077
lot_1527,5G,0.000600272
lot_1528,4G,0.0169879
lot_1528,5G,0.000605019
lot_1529,4G,0.01699
lot_1529,5G,0.000606092
lot_1530,4G,0.0169956
lot_1530,5G,0.000609005
lot_1531,4G,0.016988
lot_1531,5G,0.000596007
lot_1532,4G,0.0169994
lot_1532,5G,0.000606438
lot_1533,4G,0.0170007
lot_1533,5G,0.000600377
lot_1534,4G,0.0170018
lot_1534,5G,0.000579446
lot_1535,4G,0.0169976
lot_1535,5G,0.000610853
lot_1536,4G,0.0170114
lot_1536,5G,0.000596985
lot_1537,4G,0.0169846
lot_1537,5G,0.000612787
lot_1538,4G,0.0170026
lot_1538,5G,0.000600592
lot_1539,4G,0.0169917
lot_1539,5G,0.000610925
lot_1540,4G,0.0170178
lot_1540,5G,0.000591373
lot_1541,4G,0.017014
lot_1541,5G,0.00058553
lot_1542,4G,0.0169891
lot_1542,5G,0.000619774
lot_1543,4G,0.0169994
lot_1543,5G,0.000587313
lot_1544,4G,0.0170048
lot_1544,5G,0.000588897
lot_1545,4G,0.0170093
lot_1545,5G,0.000590977
lot_1546,4G,0.0170077
lot_1546,5G,0.000597656
lot_1547,4G,0.0170134
lot_1547,5G,0.000614247
lot_1548,4G,0.0169897
lot_1548,5G,0.000588411
lot_1549,4G,0.017005
lot_1549,5G,0.000586854
lot_1550,4G,0.0170011
lot_1550,5G,0.000581529
lot_1551,4G,0.0170276
lot_1551,5G,0.000593616
lot_1552,4G,0.0169906
lot_1552,5G,0.00060126
lot_1553,4G,0.017004
lot_1553,5G,0.00059524
lot_1554,4G,0.0169854
lot_1554,5G,0.000610242
lot_1555,4G,0.0169919
lot_1555,5G,0.000603633
lot_1556,4G,0.0169945
lot_1556,5G,0.000596221
lot_1557,4G,0.0170002
lot_1557,5G,0.000613902
lot_1558,4G,0.0169976
lot_1558,5G,0.000591614
lot_1559,4G,0.0169908
lot_1559,5G,0.000594523
lot_1560,4G,0.0170024
lot_1560,5G,0.000613772
lot_1561,4G,0.0170189
lot_1561,5G,0.000609666
lot_1562,4G,0.0170085
lot_1562,5G,0.000605387
lot_1563,4G,0.0170204
lot_1563,5G,0.000593934
lot_1564,4G,0.0170047
lot_1564,5G,0.000603791
lot_1565,4G,0.0169864
lot_1565,5G,0.000602333
lot_1566,4G,0.017013
lot_1566,5G,0.000590174
lot_1567,4G,0.0169907
lot_1567,5G,0.00059829
lot_1568,4G,0.0169965
lot_1568,5G,0.000596295
lot_1569,4G,0.0170033
lot_1569,5G,0.000593015
lot_1570,4G,0.0169978
lot_1570,5G,0.000591762
lot_1571,4G,0.0169743
lot_1571,5G,0.000605189
lot_1572,4G,0.016999
lot_1572,5G,0.000611095
lot_1573,4G,0.0169973
lot_1573,5G,0.000570474
lot_1574,4G,0.0169932
lot_1574,5G,0.000589736
lot_1575,4G,0.0170175
lot_1575,5G,0.0005976
lot_1576,4G,0.0170051
lot_1576,5G,0.000596934
lot_1577,4G,0.0170051
lot_1577,5G,0.000601014
lot_1578,4G,0.0170081
lot_1578,5G,0.000603126
lot_1579,4G,0.0169903
lot_1579,5G,0.000596311
lot_1580,4G,0.0169985
lot_1580,5G,0.000595683
lot_1581,4G,0.0169992
lot_1581,5G,0.000618004
lot_1582,4G,0.0170096
lot_1582,5G,0.000595252
lot_1583,4G,0.0169954
lot_1583,5G,0.000601663
lot_1584,4G,0.0169843
lot_1584,5G,0.000615844
lot_1585,4G,0.0169984
lot_1585,5G,0.000592467
lot_1586,4G,0.0169829
lot_1586,5G,0.000607304
lot_1587,4G,0.0169916
lot_1587,5G,0.000586419
lot_1588,4G,0.0169977
lot_1588,5G,0.000587834
lot_1589,4G,0.0170087
lot_1589,5G,0.00059678
lot_1590,4G,0.0170095
lot_1590,5G,0.000610058
lot_1591,4G,0.0170101
lot_1591,5G,0.000607662
lot_1592,4G,0.0169809
lot_1592,5G,0.000610855
lot_1593,4G,0.0170019
lot_1593,5G,0.000597653
lot_1594,4G,0.0169786
lot_1594,5G,0.000607648
lot_1595,4G,0.0170258
lot_1595,5G,0.000612971
lot_1596,4G,0.016994
lot_1596,5G,0.000583428
lot_1597,4G,0.0169995
lot_1597,5G,0.00059774
lot_1598,4G,0.0170094
lot_1598,5G,0.000603413
lot_1599,4G,0.0170079
lot_1599,5G,0.000606953
lot_1600,4G,0.0170073
lot_1600,5G,0.000601457
lot_1601,4G,0.0170165
lot_1601,5G,0.000605972
lot_1602,4G,0.0169959
lot_1602,5G,0.000612063
lot_1603,4G,0.0170031
lot_1603,5G,0.000606967
lot_1604,4G,0.0169808
lot_1604,5G,0.000591806
lot_1605,4G,0.0169959
lot_1605,5G,0.000607928
lot_1606,4G,0.017011
lot_1606,5G,0.000614036
lot_1607,4G,0.017
lot_1607,5G,0.000604053
lot_1608,4G,0.0169987
lot_1608,5G,0.000613514
lot_1609,4G,0.0170076
lot_1609,5G,0.000601408
lot_1610,4G,0.0170017
lot_1610,5G,0.000603777
lot_1611,4G,0.0170009
lot_1611,5G,0.000587177
lot_1612,4G,0.0169993
lot_1612,5G,0.000604184
lot_1613,4G,0.0169807
lot_1613,5G,0.000593495
lot_1614,4G,0.0169966
lot_1614,5G,0.00061872
lot_1615,4G,0.0170059
lot_1615,5G,0.000591096
lot_1616,4G,0.0170106
lot_1616,5G,0.00060128
lot_1617,4G,0.0169926
lot_1617,5G,0.000606616
lot_1618,4G,0.0170115
lot_1618,5G,0.000600784
lot_1619,4G,0.016989
lot_1619,5G,0.000626763
lot_1620,4G,0.0169931
lot_1620,5G,0.000618852
lot_1621,4G,0.0169901
lot_1621,5G,0.000601156
lot_1622,4G,0.0170024
lot_1622,5G,0.000599362
lot_1623,4G,0.0170031
lot_1623,5G,0.000600743
lot_1624,4G,0.0170101
lot_1624,5G,0.000597528
lot_1625,4G,0.0169998
lot_1625,5G,0.000593193
lot_1626,4G,0.0170118
lot_1626,5G,0.000585414
lot_1627,4G,0.0170071
lot_1627,5G,0.00062343
lot_1628,4G,0.0170118
lot_1628,5G,0.000610987
lot_1629,4G,0.0170022
lot_1629,5G,0.000584511
lot_1630,4G,0.0169957
lot_1630,5G,0.000600564
lot_1631,4G,0.0169892
lot_1631,5G,0.00060674
lot_1632,4G,0.016994
lot_1632,5G,0.000608549
lot_1633,4G,0.0169933
lot_1633,5G,0.000593498
lot_1634,4G,0.0170087
lot_1634,5G,0.000611658
lot_1635,4G,0.0170162
lot_1635,5G,0.000588406
lot_1636,4G,0.016998
lot_1636,5G,0.000599383
lot_1637,4G,0.0170021
lot_1637,5G,0.000605456
lot_1638,4G,0.016993
lot_1638,5G,0.00059081
lot_1639,4G,0.0169893
lot_1639,5G,0.000599076
lot_1640,4G,0.0169908
lot_1640,5G,0.000606789
lot_1641,4G,0.0169956
lot_1641,5G,0.000603998
lot_1642,4G,0.0170019
lot_1642,5G,0.000613862
lot_1643,4G,0.0169875
lot_1643,5G,0.000599824
lot_1644,4G,0.0170055
lot_1644,5G,0.000619019
lot_1645,4G,0.0170026
lot_1645,5G,0.000603451
lot_1646,4G,0.0170142
lot_1646,5G,0.00060236
lot_1647,4G,0.0170029
lot_1647,5G,0.000602716
lot_1648,4G,0.0169948
lot_1648,5G,0.000615116
lot_1649,4G,0.0169934
lot_1649,5G,0.000587011
lot_1650,4G,0.0170086
lot_1650,5G,0.000584596
lot_1651,4G,0.0169879
lot_1651,5G,0.000605238
lot_1652,4G,0.0169845
lot_1652,5G,0.000616441
lot_1653,4G,0.0169993
lot_1653,5G,0.000599145
lot_1654,4G,0.0169952
lot_1654,5G,0.000593449
lot_1655,4G,0.0170056
lot_1655,5G,0.000590856
lot_1656,4G,0.0170083
lot_1656,5G,0.000604828
lot_1657,4G,0.0169819
lot_1657,5G,0.000594483
lot_1658,4G,0.0170042
lot_1658,5G,0.000618485
lot_1659,4G,0.0169954
lot_1659,5G,0.000597144
lot_1660,4G,0.0169872
lot_1660,5G,0.000598954
lot_1661,4G,0.0170004
lot_1661,5G,0.000589438
lot_1662,4G,0.0170014
lot_1662,5G,0.000614585
lot_1663,4G,0.0170055
lot_1663,5G,0.000607101
lot_1664,4G,0.0169914
lot_1664,5G,0.000597774
lot_1665,4G,0.0169989
lot_1665,5G,0.00060178
lot_1666,4G,0.0170085
lot_1666,5G,0.000593127
lot_1667,4G,0.0170029
lot_1667,5G,0.000607411
lot_1668,4G,0.017006
lot_1668,5G,0.000613206
lot_1669,4G,0.0169975
lot_1669,5G,0.0006204
lot_1670,4G,0.0169913
lot_1670,5G,0.000616778
lot_1671,4G,0.0169902
lot_1671,5G,0.000613617
lot_1672,4G,0.0169984
lot_1672,5G,0.000611513
lot_1673,4G,0.0170003
lot_1673,5G,0.000595193
lot_1674,4G,0.0170016
lot_1674,5G,0.000598077
lot_1675,4G,0.0169863
lot_1675,5G,0.000592999
lot_1676,4G,0.0170136
lot_1676,5G,0.000612189
lot_1677,4G,0.017005
lot_1677,5G,0.000599532
lot_1678,4G,0.0169923
lot_1678,5G,0.000599704
lot_1679,4G,0.0169927
lot_1679,5G,0.00060515
lot_1680,4G,0.0170119
lot_1680,5G,0.000615414
lot_1681,4G,0.0169973
lot_1681,5G,0.000589702
lot_1682,4G,0.0169907
lot_1682,5G,0.000593977
lot_1683,4G,0.017001
lot_1683,5G,0.00059337
lot_1684,4G,0.0169983
lot_1684,5G,0.000617002
lot_1685,4G,0.017002
lot_1685,5G,0.000598795
lot_1686,4G,0.0169893
lot_1686,5G,0.000600411
lot_1687,4G,0.0170037
lot_1687,5G,0.000601768
lot_1688,4G,0.0169997
lot_1688,5G,0.000605039
lot_1689,4G,0.0170207
lot_1689,5G,0.000618316
lot_1690,4G,0.0170054
lot_1690,5G,0.000602538
lot_1691,4G,0.0169998
lot_1691,5G,0.000587075
lot_1692,4G,0.0169986
lot_1692,5G,0.00060856
lot_1693,4G,0.0170175
lot_1693,5G,0.000605551
lot_1694,4G,0.0170231
lot_1694,5G,0.000612241
lot_1695,4G,0.0170149
lot_1695,5G,0.000599791
lot_1696,4G,0.0170267
lot_1696,5G,0.000591439
lot_1697,4G,0.0170047
lot_1697,5G,0.00059988
lot_1698,4G,0.0169955
lot_1698,5G,0.000597573
lot_1699,4G,0.0169969
lot_1699,5G,0.000595142
lot_1700,4G,0.0169814
lot_1700,5G,0.000598438
lot_1701,4G,0.0169882
lot_1701,5G,0.000600668
lot_1702,4G,0.0170062
lot_1702,5G,0.000593981
lot_1703,4G,0.0169968
lot_1703,5G,0.000594366
lot_1704,4G,0.0170081
lot_1704,5G,0.000597032
lot_1705,4G,0.0169951
lot_1705,5G,0.000599019
lot_1706,4G,0.0169859
lot_1706,5G,0.000611135
lot_1707,4G,0.0170135
lot_1707,5G,0.000605168
lot_1708,4G,0.0169955
lot_1708,5G,0.000595241
lot_1709,4G,0.0169887
lot_1709,5G,0.000587595
lot_1710,4G,0.0170062
lot_1710,5G,0.000609414
lot_1711,4G,0.0169997
lot_1711,5G,0.000609275
lot_1712,4G,0.0169975
lot_1712,5G,0.000611835
lot_1713,4G,0.0169858
lot_1713,5G,0.000609294
lot_1714,4G,0.0169957
lot_1714,5G,0.000601869
lot_1715,4G,0.0170024
lot_1715,5G,0.000614192
lot_1716,4G,0.0170238
lot_1716,5G,0.000591599
lot_1717,4G,0.017013
lot_1717,5G,0.000589655
lot_1718,4G,0.0170043
lot_1718,5G,0.000630027
lot_1719,4G,0.0169979
lot_1719,5G,0.000602472
lot_1720,4G,0.017003
lot_1720,5G,0.0006037
lot_1721,4G,0.0169975
lot_1721,5G,0.00060175
lot_1722,4G,0.0169815
lot_1722,5G,0.000600311
lot_1723,4G,0.0170082
lot_1723,5G,0.000590045
lot_1724,4G,0.017002
lot_1724,5G,0.000596041
lot_1725,4G,0.0169839
lot_1725,5G,0.000593393
lot_1726,4G,0.0169963
lot_1726,5G,0.000602295
lot_1727,4G,0.0170132
lot_1727,5G,0.000597717
lot_1728,4G,0.0170081
lot_1728,5G,0.000598659
lot_1729,4G,0.0170083
lot_1729,5G,0.000594384
lot_1730,4G,0.0170001
lot_1730,5G,0.000603333
lot_1731,4G,0.0170086
lot_1731,5G,0.000612771
lot_1732,4G,0.0170133
lot_1732,5G,0.000609168
lot_1733,4G,0.016991
lot_1733,5G,0.000586756
lot_1734,4G,0.0170129
lot_1734,5G,0.000611322
lot_1735,4G,0.0170107
lot_1735,5G,0.000599814
lot_1736,4G,0.0169865
lot_1736,5G,0.000607188
lot_1737,4G,0.0170153
lot_1737,5G,0.000604238
lot_1738,4G,0.0169735
lot_1738,5G,0.000583122
lot_1739,4G,0.0170122
lot_1739,5G,0.000609356
lot_1740,4G,0.0169942
lot_1740,5G,0.000601361
lot_1741,4G,0.0169993
lot_1741,5G,0.000601671
lot_1742,4G,0.0170143
lot_1742,5G,0.000592287
lot_1743,4G,0.017002
lot_1743,5G,0.000594483
lot_1744,4G,0.0169869
lot_1744,5G,0.000597021
lot_1745,4G,0.0170221
lot_1745,5G,0.000609414
lot_1746,4G,0.0169919
lot_1746,5G,0.000601087
lot_1747,4G,0.017011
lot_1747,5G,0.000597781
lot_1748,4G,0.017001
lot_1748,5G,0.000594823
lot_1749,4G,0.0170046
lot_1749,5G,0.000595316
lot_1750,4G,0.0169937
lot_1750,5G,0.000602931
lot_1751,4G,0.0170001
lot_1751,5G,0.000601093
lot_1752,4G,0.0169879
lot_1752,5G,0.000587714
lot_1753,4G,0.0170116
lot_1753,5G,0.000597199
lot_1754,4G,0.0170065
lot_1754,5G,0.000591435
lot_1755,4G,0.0169862
lot_1755,5G,0.000604198
lot_1756,4G,0.0169998
lot_1756,5G,0.000597282
lot_1757,4G,0.017003
lot_1757,5G,0.00061356
lot_1758,4G,0.0170055
lot_1758,5G,0.000626764
lot_1759,4G,0.0169967
lot_1759,5G,0.000595772
lot_1760,4G,0.0170075
lot_1760,5G,0.000606749
lot_1761,4G,0.0170021
lot_1761,5G,0.000583903
lot_1762,4G,0.0169821
lot_1762,5G,0.000597168
lot_1763,4G,0.0169806
lot_1763,5G,0.000586718
lot_1764,4G,0.0170037
lot_1764,5G,0.000618726
lot_1765,4G,0.0170199
lot_1765,5G,0.000604162
lot_1766,4G,0.0169793
lot_1766,5G,0.000593456
lot_1767,4G,0.0169973
lot_1767,5G,0.000605684
lot_1768,4G,0.0169901
lot_1768,5G,0.000596982
lot_1769,4G,0.0169837
lot_1769,5G,0.000591869
lot_1770,4G,0.0170141
lot_1770,5G,0.000599786
lot_1771,4G,0.0170059
lot_1771,5G,0.000598878
lot_1772,4G,0.0170116
lot_1772,5G,0.000597307
lot_1773,4G,0.0170036
lot_1773,5G,0.0006016
lot_1774,4G,0.0170213
lot_1774,5G,0.000611417
lot_1775,4G,0.0169855
lot_1775,5G,0.000604712
lot_1776,4G,0.0169949
lot_1776,5G,0.000597709
lot_1777,4G,0.0170009
lot_1777,5G,0.000602148
lot_1778,4G,0.0170106
lot_1778,5G,0.000596477
lot_1779,4G,0.0169826
lot_1779,5G,0.000610866
lot_1780,4G,0.0170053
lot_1780,5G,0.000603997
lot_1781,4G,0.017028
lot_1781,5G,0.000589338
lot_1782,4G,0.0169922
lot_1782,5G,0.000601657
lot_1783,4G,0.0170162
lot_1783,5G,0.000598065
lot_1784,4G,0.0169984
lot_1784,5G,0.000600668
lot_1785,4G,0.0170013
lot_1785,5G,0.000605828
lot_1786,4G,0.0170137
lot_1786,5G,0.000607678
lot_1787,4G,0.0170114
lot_1787,5G,0.00060394
lot_1788,4G,0.016981
lot_1788,5G,0.000610364
lot_1789,4G,0.0169813
lot_1789,5G,0.000608221
lot_1790,4G,0.0170008
lot_1790,5G,0.000591882
lot_1791,4G,0.0169969
lot_1791,5G,0.000615025
lot_1792,4G,0.0170104
lot_1792,5G,0.000597383
lot_1793,4G,0.0169783
lot_1793,5G,0.000608397
lot_1794,4G,0.017003
lot_1794,5G,0.000599995
lot_1795,4G,0.0169847
lot_1795,5G,0.000609677
lot_1796,4G,0.016991
lot_1796,5G,0.000594013
lot_1797,4G,0.0170088
lot_1797,5G,0.000597345
lot_1798,4G,0.016989
lot_1798,5G,0.00058661
lot_1799,4G,0.0169822
lot_1799,5G,0.000591171
lot_1800,4G,0.0169935
lot_1800,5G,0.000568887
lot_1801,4G,0.0170043
lot_1801,5G,0.000590687
lot_1802,4G,0.017012
lot_1802,5G,0.000617733
lot_1803,4G,0.0169796
lot_1803,5G,0.00062275
lot_1804,4G,0.0170177
lot_1804,5G,0.000604171
lot_1805,4G,0.0169888
lot_1805,5G,0.000594505
lot_1806,4G,0.0169968
lot_1806,5G,0.000603174
lot_1807,4G,0.0170147
lot_1807,5G,0.000607417
lot_1808,4G,0.0169961
lot_1808,5G,0.000582081
lot_1809,4G,0.0170063
lot_1809,5G,0.000591091
lot_1810,4G,0.0169901
lot_1810,5G,0.000591757
lot_1811,4G,0.0169967
lot_1811,5G,0.000580738
lot_1812,4G,0.0170025
lot_1812,5G,0.000589334
lot_1813,4G,0.0170063
lot_1813,5G,0.000591698
lot_1814,4G,0.0169988
lot_1814,5G,0.000591715
lot_1815,4G,0.0169996
lot_1815,5G,0.000604787
lot_1816,4G,0.0170102
lot_1816,5G,0.000600957
lot_1817,4G,0.0169978
lot_1817,5G,0.000605202
lot_1818,4G,0.0170003
lot_1818,5G,0.000598798
lot_1819,4G,0.0169851
lot_1819,5G,0.000614068
lot_1820,4G,0.0170153
lot_1820,5G,0.000605439
lot_1821,4G,0.0169846
lot_1821,5G,0.00059418
lot_1822,4G,0.0170042
lot_1822,5G,0.000590203
lot_1823,4G,0.0169844
lot_1823,5G,0.000614675
lot_1824,4G,0.0169851
lot_1824,5G,0.000603464
lot_1825,4G,0.0169876
lot_1825,5G,0.000590472
lot_1826,4G,0.01701
lot_1826,5G,0.000587687
lot_1827,4G,0.0169898
lot_1827,5G,0.000610679
lot_1828,4G,0.0170068
lot_1828,5G,0.000585737
lot_1829,4G,0.0170047
lot_1829,5G,0.000601523
lot_1830,4G,0.017013
lot_1830,5G,0.000610499
lot_1831,4G,0.0169967
lot_1831,5G,0.000602599
lot_1832,4G,0.0169986
lot_1832,5G,0.000611942
lot_1833,4G,0.0169966
lot_1833,5G,0.000587724
lot_1834,4G,0.0169996
lot_1834,5G,0.000576312
lot_1835,4G,0.017012
lot_1835,5G,0.000613068
lot_1836,4G,0.0170074
lot_1836,5G,0.000612135
lot_1837,4G,0.0170017
lot_1837,5G,0.00061826
lot_1838,4G,0.0169956
lot_1838,5G,0.000606819
lot_1839,4G,0.0169995
lot_1839,5G,0.000585918
lot_1840,4G,0.0170077
lot_1840,5G,0.000613602
lot_1841,4G,0.0169966
lot_1841,5G,0.000591767
lot_1842,4G,0.0170029
lot_1842,5G,0.000594196
lot_1843,4G,0.0169885
lot_1843,5G,0.000597867
lot_1844,4G,0.0170408
lot_1844,5G,0.000597692
lot_1845,4G,0.0170068
lot_1845,5G,0.000605183
lot_1846,4G,0.0169814
lot_1846,5G,0.000616042
lot_1847,4G,0.0170222
lot_1847,5G,0.000601391
lot_1848,4G,0.0170029
lot_1848,5G,0.000610903
lot_1849,4G,0.0169872
lot_1849,5G,0.000589936
lot_1850,4G,0.0169958
lot_1850,5G,0.00061537
lot_1851,4G,0.0170092
lot_1851,5G,0.000575679
lot_1852,4G,0.0170007
lot_1852,5G,0.000601316
lot_1853,4G,0.0170039
lot_1853,5G,0.000587461
lot_1854,4G,0.01699
lot_1854,5G,0.000592434
lot_1855,4G,0.0169992
lot_1855,5G,0.000612033
lot_1856,4G,0.0169936
lot_1856,5G,0.000585747
lot_1857,4G,0.016995
lot_1857,5G,0.000594927
lot_1858,4G,0.0169945
lot_1858,5G,0.000612914
lot_1859,4G,0.0169961
lot_1859,5G,0.00059855
lot_1860,4G,0.0169903
lot_1860,5G,0.000574496
lot_1861,4G,0.0170025
lot_1861,5G,0.000593105
lot_1862,4G,0.0169988
lot_1862,5G,0.000592845
lot_1863,4G,0.0169919
lot_1863,5G,0.000583882
lot_1864,4G,0.0169964
lot_1864,5G,0.000591963
lot_1865,4G,0.0169941
lot_1865,5G,0.000599505
lot_1866,4G,0.0169969
lot_1866,5G,0.000606136
lot_1867,4G,0.0170022
lot_1867,5G,0.000592667
lot_1868,4G,0.0169858
lot_1868,5G,0.00059624
lot_1869,4G,0.0170025
lot_1869,5G,0.000629701
lot_1870,4G,0.0170105
lot_1870,5G,0.000610244
lot_1871,4G,0.0169794
lot_1871,5G,0.000590977
lot_1872,4G,0.0170065
lot_1872,5G,0.000587529
lot_1873,4G,0.0169865
lot_1873,5G,0.000602799
lot_1874,4G,0.0170089
lot_1874,5G,0.000595124
lot_1875,4G,0.0170122
lot_1875,5G,0.000594275
lot_1876,4G,0.0170025
lot_1876,5G,0.000596986
lot_1877,4G,0.0170122
lot_1877,5G,0.000617642
lot_1878,4G,0.0169945
lot_1878,5G,0.000601869
lot_1879,4G,0.0169991
lot_1879,5G,0.000607558
lot_1880,4G,0.0170075
lot_1880,5G,0.000616841
lot_1881,4G,0.0170017
lot_1881,5G,0.000607341
lot_1882,4G,0.0169942
lot_1882,5G,0.000605896
lot_1883,4G,0.016997
lot_1883,5G,0.000598054
lot_1884,4G,0.0169956
lot_1884,5G,0.000599136
lot_1885,4G,0.0169864
lot_1885,5G,0.000609484
lot_1886,4G,0.0169906
lot_1886,5G,0.000596081
lot_1887,4G,0.0169948
lot_1887,5G,0.000621737
lot_1888,4G,0.0170111
lot_1888,5G,0.000589735
lot_1889,4G,0.0169992
lot_1889,5G,0.00059411
lot_1890,4G,0.0170043
lot_1890,5G,0.000596566
lot_1891,4G,0.0170069
lot_1891,5G,0.000602368
lot_1892,4G,0.0169949
lot_1892,5G,0.000591316
lot_1893,4G,0.0169926
lot_1893,5G,0.000602706
lot_1894,4G,0.0170028
lot_1894,5G,0.000602056
lot_1895,4G,0.0170023
lot_1895,5G,0.000599176
lot_1896,4G,0.0169884
lot_1896,5G,0.000592818
lot_1897,4G,0.0169987
lot_1897,5G,0.000606754
lot_1898,4G,0.017004
lot_1898,5G,0.000610777
lot_1899,4G,0.0169894
lot_1899,5G,0.000602237
lot_1900,4G,0.0169843
lot_1900,5G,0.000596228
lot_1901,4G,0.0170132
lot_1901,5G,0.000600465
lot_1902,4G,0.0170033
lot_1902,5G,0.000612618
lot_1903,4G,0.0169948
lot_1903,5G,0.000611869
lot_1904,4G,0.0170041
lot_1904,5G,0.000612992
lot_1905,4G,0.0169952
lot_1905,5G,0.000581015
lot_1906,4G,0.0169963
lot_1906,5G,0.000602126
lot_1907,4G,0.0169994
lot_1907,5G,0.000609826
lot_1908,4G,0.0169859
lot_1908,5G,0.000590747
lot_1909,4G,0.0169903
lot_1909,5G,0.000602792
lot_1910,4G,0.0170013
lot_1910,5G,0.000599891
lot_1911,4G,0.0169994
lot_1911,5G,0.000586574
lot_1912,4G,0.0169926
lot_1912,5G,0.000594823
lot_1913,4G,0.0170197
lot_1913,5G,0.000603975
lot_1914,4G,0.0169954
lot_1914,5G,0.0006054
lot_1915,4G,0.0170047
lot_1915,5G,0.0005958
lot_1916,4G,0.0170074
lot_1916,5G,0.000601054
lot_1917,4G,0.0169923
lot_1917,5G,0.000609017
lot_1918,4G,0.017003
lot_1918,5G,0.000602467
lot_1919,4G,0.0170101
lot_1919,5G,0.000599255
lot_1920,4G,0.0170087
lot_1920,5G,0.000589406
lot_1921,4G,0.0170068
lot_1921,5G,0.000584491
lot_1922,4G,0.0170005
lot_1922,5G,0.000606909
lot_1923,4G,0.0170012
lot_1923,5G,0.000605662
lot_1924,4G,0.0170042
lot_1924,5G,0.000605925
lot_1925,4G,0.0169952
lot_1925,5G,0.000596859
lot_1926,4G,0.0169972
lot_1926,5G,0.000586809
lot_1927,4G,0.0169923
lot_1927,5G,0.000617781
lot_1928,4G,0.0170206
lot_1928,5G,0.000597415
lot_1929,4G,0.0169974
lot_1929,5G,0.00059991
lot_1930,4G,0.016991
lot_1930,5G,0.000608962
lot_1931,4G,0.0170083
lot_1931,5G,0.000598812
lot_1932,4G,0.0170047
lot_1932,5G,0.000591228
lot_1933,4G,0.0169959
lot_1933,5G,0.000580871
lot_1934,4G,0.0170021
lot_1934,5G,0.00060215
lot_1935,4G,0.0169899
lot_1935,5G,0.000603438
lot_1936,4G,0.0170123
lot_1936,5G,0.000603823
lot_1937,4G,0.0170111
lot_1937,5G,0.000600115
lot_1938,4G,0.0170035
lot_1938,5G,0.00060872
lot_1939,4G,0.0169931
lot_1939,5G,0.000588749
lot_1940,4G,0.01699
lot_1940,5G,0.0005953
lot_1941,4G,0.0170046
lot_1941,5G,0.000613112
lot_1942,4G,0.0170055
lot_1942,5G,0.00059573
lot_1943,4G,0.0170076
lot_1943,5G,0.000594749
lot_1944,4G,0.0170159
lot_1944,5G,0.000603966
lot_1945,4G,0.0169958
lot_1945,5G,0.000579944
lot_1946,4G,0.0169927
lot_1946,5G,0.000585994
lot_1947,4G,0.0170046
lot_1947,5G,0.000603913
lot_1948,4G,0.0169975
lot_1948,5G,0.000597019
lot_1949,4G,0.0170193
lot_1949,5G,0.000593776
lot_1950,4G,0.0169999
lot_1950,5G,0.000602655
lot_1951,4G,0.0170115
lot_1951,5G,0.000597824
lot_1952,4G,0.0170041
lot_1952,5G,0.000604956
lot_1953,4G,0.0169926
lot_1953,5G,0.000606589
lot_1954,4G,0.0169895
lot_1954,5G,0.000600131
lot_1955,4G,0.0169984
lot_1955,5G,0.000592181
lot_1956,4G,0.0169918
lot_1956,5G,0.000601652
lot_1957,4G,0.0170252
lot_1957,5G,0.000600087
lot_1958,4G,0.0169977
lot_1958,5G,0.000600663
lot_1959,4G,0.0170171
lot_1959,5G,0.000603187
lot_1960,4G,0.0169859
lot_1960,5G,0.000613321
lot_1961,4G,0.0170025
lot_1961,5G,0.000593897
lot_1962,4G,0.0170044
lot_1962,5G,0.000580051
lot_1963,4G,0.0169821
lot_1963,5G,0.00060421
lot_1964,4G,0.0170056
lot_1964,5G,0.000601976
lot_1965,4G,0.0170017
lot_1965,5G,0.000603757
lot_1966,4G,0.0170097
lot_1966,5G,0.000595345
lot_1967,4G,0.0169883
lot_1967,5G,0.000584435
lot_1968,4G,0.016994
lot_1968,5G,0.000598302
lot_1969,4G,0.0169964
lot_1969,5G,0.000599481
lot_1970,4G,0.0169959
lot_1970,5G,0.00060766
lot_1971,4G,0.0170035
lot_1971,5G,0.000602247
lot_1972,4G,0.0170003
lot_1972,5G,0.000597523
lot_1973,4G,0.0169831
lot_1973,5G,0.000578117
lot_1974,4G,0.0169809
lot_1974,5G,0.000611687
lot_1975,4G,0.0169986
lot_1975,5G,0.000605007
lot_1976,4G,0.0169966
lot_1976,5G,0.000597681
lot_1977,4G,0.0170001
lot_1977,5G,0.000597573
lot_1978,4G,0.0170077
lot_1978,5G,0.000603217
lot_1979,4G,0.0170013
lot_1979,5G,0.000600572
lot_1980,4G,0.0169914
lot_1980,5G,0.000591538
lot_1981,4G,0.0169941
lot_1981,5G,0.000608446
lot_1982,4G,0.0170075
lot_1982,5G,0.000596147
lot_1983,4G,0.0169916
lot_1983,5G,0.000603205
lot_1984,4G,0.0169951
lot_1984,5G,0.000608821
lot_1985,4G,0.0170094
lot_1985,5G,0.0006041
lot_1986,4G,0.0169913
lot_1986,5G,0.000599164
lot_1987,4G,0.0169944
lot_1987,5G,0.000607292
lot_1988,4G,0.0169964
lot_1988,5G,0.000599279
lot_1989,4G,0.0169922
lot_1989,5G,0.000590822
lot_1990,4G,0.0170027
lot_1990,5G,0.00060039
lot_1991,4G,0.0170128
lot_1991,5G,0.000594471
lot_1992,4G,0.0169988
lot_1992,5G,0.000611142
lot_1993,4G,0.0170045
lot_1993,5G,0.000601854
lot_1994,4G,0.0169949
lot_1994,5G,0.000599637
lot_1995,4G,0.0170003
lot_1995,5G,0.000626631
lot_1996,4G,0.0170013
lot_1996,5G,0.00059924
lot_1997,4G,0.0170095
lot_1997,5G,0.000581319
lot_1998,4G,0.0170059
lot_1998,5G,0.000587212
lot_1999,4G,0.0170098
lot_1999,5G,0.000597831
lot_2000,4G,0.0169934
lot_2000,5G,0.000599955
lot_2001,4G,0.0170014
lot_2001,5G,0.000595176
lot_2002,4G,0.0170019
lot_2002,5G,0.000591099
lot_2003,4G,0.0170001
lot_2003,5G,0.000592187
lot_2004,4G,0.0169825
lot_2004,5G,0.000597762
lot_2005,4G,0.0169946
lot_2005,5G,0.00060859
lot_2006,4G,0.0170075
lot_2006,5G,0.000593582
lot_2007,4G,0.0169993
lot_2007,5G,0.00058809
lot_2008,4G,0.0170028
lot_2008,5G,0.000610829
lot_2009,4G,0.0169949
lot_2009,5G,0.000598919
lot_2010,4G,0.0169922
lot_2010,5G,0.000611796
lot_2011,4G,0.0169979
lot_2011,5G,0.000610754
lot_2012,4G,0.0170128
lot_2012,5G,0.00060359
lot_2013,4G,0.0169898
lot_2013,5G,0.000587217
lot_2014,4G,0.016997
lot_2014,5G,0.000607952
lot_2015,4G,0.0170066
lot_2015,5G,0.000588459
lot_2016,4G,0.0169991
lot_2016,5G,0.000600246
lot_2017,4G,0.0170094
lot_2017,5G,0.00060546
lot_2018,4G,0.01699
lot_2018,5G,0.000589854
lot_2019,4G,0.0169951
lot_2019,5G,0.000594881
lot_2020,4G,0.0170005
lot_2020,5G,0.000581293
lot_2021,4G,0.016989
lot_2021,5G,0.00059157
lot_2022,4G,0.0170053
lot_2022,5G,0.000600319
lot_2023,4G,0.0169988
lot_2023,5G,0.000586412
lot_2024,4G,0.0170012
lot_2024,5G,0.000610757
lot_2025,4G,0.0170011
lot_2025,5G,0.000581996
lot_2026,4G,0.0170041
lot_2026,5G,0.00061668
lot_2027,4G,0.0169905
lot_2027,5G,0.000588486
lot_2028,4G,0.0170282
lot_2028,5G,0.000596095
lot_2029,4G,0.0169966
lot_2029,5G,0.000599289
lot_2030,4G,0.0169876
lot_2030,5G,0.000588673
lot_2031,4G,0.0169993
lot_2031,5G,0.000606506
lot_2032,4G,0.016992
lot_2032,5G,0.000605347
lot_2033,4G,0.017015
lot_2033,5G,0.00060517
lot_2034,4G,0.0169987
lot_2034,5G,0.000602124
lot_2035,4G,0.0169953
lot_2035,5G,0.000587573
lot_2036,4G,0.0169936
lot_2036,5G,0.00059731
lot_2037,4G,0.0170141
lot_2037,5G,0.000612175
lot_2038,4G,0.0170039
lot_2038,5G,0.000597245
lot_2039,4G,0.0170043
lot_2039,5G,0.000593317
lot_2040,4G,0.0169967
lot_2040,5G,0.000611125
lot_2041,4G,0.0170108
lot_2041,5G,0.000615266
lot_2042,4G,0.0169949
lot_2042,5G,0.000598069
lot_2043,4G,0.0169885
lot_2043,5G,0.000601027
lot_2044,4G,0.0170041
lot_2044,5G,0.000581036
lot_2045,4G,0.0170011
lot_2045,5G,0.000590481
lot_2046,4G,0.0169889
lot_2046,5G,0.000599308
lot_2047,4G,0.0169982
lot_2047,5G,0.000598672
lot_2048,4G,0.0169886
lot_2048,5G,0.000591483
lot_2049,4G,0.0170088
lot_2049,5G,0.000607153
lot_2050,4G,0.01701
lot_2050,5G,0.000607214
lot_2051,4G,0.0170027
lot_2051,5G,0.000607173
lot_2052,4G,0.0169847
lot_2052,5G,0.000609582
lot_2053,4G,0.017007
lot_2053,5G,0.000608408
lot_2054,4G,0.01702
lot_2054,5G,0.000599158
lot_2055,4G,0.0169939
lot_2055,5G,0.000599363
lot_2056,4G,0.0169926
lot_2056,5G,0.000597996
lot_2057,4G,0.0170161
lot_2057,5G,0.000616151
lot_2058,4G,0.0169902
lot_2058,5G,0.000605862
lot_2059,4G,0.0170105
lot_2059,5G,0.00061559
lot_2060,4G,0.016997
lot_2060,5G,0.000603717
lot_2061,4G,0.0170036
lot_2061,5G,0.000596727
lot_2062,4G,0.0170005
lot_2062,5G,0.000595867
lot_2063,4G,0.0170097
lot_2063,5G,0.000623194
lot_2064,4G,0.0169898
lot_2064,5G,0.000615408
lot_2065,4G,0.0169936
lot_2065,5G,0.000597764
lot_2066,4G,0.0169984
lot_2066,5G,0.000606571
lot_2067,4G,0.0170108
lot_2067,5G,0.000600957
lot_2068,4G,0.0169934
lot_2068,5G,0.000593221
lot_2069,4G,0.0169883
lot_2069,5G,0.000588915
lot_2070,4G,0.0170026
lot_2070,5G,0.000603192
lot_2071,4G,0.0170051
lot_2071,5G,0.000589817
lot_2072,4G,0.0170082
lot_2072,5G,0.000594865
lot_2073,4G,0.0169965
lot_2073,5G,0.000587788
lot_2074,4G,0.016992
lot_2074,5G,0.000602781
lot_2075,4G,0.0170055
lot_2075,5G,0.000600444
lot_2076,4G,0.0169849
lot_2076,5G,0.000604945
lot_2077,4G,0.016977
lot_2077,5G,0.000591369
lot_2078,4G,0.016985
lot_2078,5G,0.000611427
lot_2079,4G,0.0170165
lot_2079,5G,0.000616409
lot_2080,4G,0.0170145
lot_2080,5G,0.000601353
lot_2081,4G,0.0170116
lot_2081,5G,0.000592189
lot_2082,4G,0.016991
lot_2082,5G,0.000601122
lot_2083,4G,0.0170005
lot_2083,5G,0.000599199
lot_2084,4G,0.016997
lot_2084,5G,0.000613277
lot_2085,4G,0.0169948
lot_2085,5G,0.000612144
lot_2086,4G,0.0170125
lot_2086,5G,0.000603958
lot_2087,4G,0.0170063
lot_2087,5G,0.000587405
lot_2088,4G,0.0169924
lot_2088,5G,0.000610162
lot_2089,4G,0.0169931
lot_2089,5G,0.000611688
lot_2090,4G,0.0170135
lot_2090,5G,0.000611459
lot_2091,4G,0.0170003
lot_2091,5G,0.000588018
lot_2092,4G,0.0169879
lot_2092,5G,0.000594519
lot_2093,4G,0.0169919
lot_2093,5G,0.000585726
lot_2094,4G,0.0169908
lot_2094,5G,0.000601761
lot_2095,4G,0.017018
lot_2095,5G,0.000584143
lot_2096,4G,0.0169944
lot_2096,5G,0.000584888
lot_2097,4G,0.0169966
lot_2097,5G,0.000599829
lot_2098,4G,0.0170121
lot_2098,5G,0.000600739
lot_2099,4G,0.0169971
lot_2099,5G,0.000606095
lot_2100,4G,0.0169998
lot_2100,5G,0.000601274
lot_2101,4G,0.0169912
lot_2101,5G,0.000600342
lot_2102,4G,0.016995
lot_2102,5G,0.000599366
lot_2103,4G,0.0170003
lot_2103,5G,0.000613743
lot_2104,4G,0.0169908
lot_2104,5G,0.000605767
lot_2105,4G,0.0169955
lot_2105,5G,0.000612877
lot_2106,4G,0.0170062
lot_2106,5G,0.000596497
lot_2107,4G,0.0170027
lot_2107,5G,0.000602538
lot_2108,4G,0.0170076
lot_2108,5G,0.000621987
lot_2109,4G,0.0170056
lot_2109,5G,0.000621395
lot_2110,4G,0.0169988
lot_2110,5G,0.000608416
lot_2111,4G,0.0170189
lot_2111,5G,0.000597586
lot_2112,4G,0.017001
lot_2112,5G,0.000605023
lot_2113,4G,0.0170008
lot_2113,5G,0.000575067
lot_2114,4G,0.0170117
lot_2114,5G,0.000587572
lot_2115,4G,0.0169896
lot_2115,5G,0.000586658
lot_2116,4G,0.0169908
lot_2116,5G,0.000604635
lot_2117,4G,0.0169924
lot_2117,5G,0.000574227
lot_2118,4G,0.017003
lot_2118,5G,0.000616553
lot_2119,4G,0.0170209
lot_2119,5G,0.000595858
lot_2120,4G,0.0169868
lot_2120,5G,0.000602256
lot_2121,4G,0.0169965
lot_2121,5G,0.000607339
lot_2122,4G,0.0169946
lot_2122,5G,0.000600714
lot_2123,4G,0.0169918
lot_2123,5G,0.000616345
lot_2124,4G,0.0169984
lot_2124,5G,0.000584947
lot_2125,4G,0.0169924
lot_2125,5G,0.000596045
lot_2126,4G,0.0169942
lot_2126,5G,0.000609553
lot_2127,4G,0.017004
lot_2127,5G,0.000608936
lot_2128,4G,0.0170142
lot_2128,5G,0.000597672
lot_2129,4G,0.0169893
lot_2129,5G,0.000606125
lot_2130,4G,0.0170222
lot_2130,5G,0.000598648
lot_2131,4G,0.0169862
lot_2131,5G,0.000577853
lot_2132,4G,0.0169806
lot_2132,5G,0.000605207
lot_2133,4G,0.0169896
lot_2133,5G,0.000599844
lot_2134,4G,0.0169975
lot_2134,5G,0.000609111
lot_2135,4G,0.0169866
lot_2135,5G,0.000597341
lot_2136,4G,0.0169792
lot_2136,5G,0.000604472
lot_2137,4G,0.017003
lot_2137,5G,0.00060651
lot_2138,4G,0.0170042
lot_2138,5G,0.000590944
lot_2139,4G,0.016994
lot_2139,5G,0.000592728
lot_2140,4G,0.017
lot_2140,5G,0.000582586
lot_2141,4G,0.0170173
lot_2141,5G,0.000613793
lot_2142,4G,0.0169954
lot_2142,5G,0.000593757
lot_2143,4G,0.017002
lot_2143,5G,0.000605146
lot_2144,4G,0.0170023
lot_2144,5G,0.000614175
lot_2145,4G,0.0170003
lot_2145,5G,0.000623772
lot_2146,4G,0.0169973
lot_2146,5G,0.000588304
lot_2147,4G,0.017003
lot_2147,5G,0.000594546
lot_2148,4G,0.0169851
lot_2148,5G,0.000616285
lot_2149,4G,0.0170044
lot_2149,5G,0.000594196
lot_2150,4G,0.0169983
lot_2150,5G,0.000588563
lot_2151,4G,0.0170129
lot_2151,5G,0.000594358
lot_2152,4G,0.0169895
lot_2152,5G,0.000605385
lot_2153,4G,0.017001
lot_2153,5G,0.00058529
lot_2154,4G,0.0170039
lot_2154,5G,0.000610907
lot_2155,4G,0.0169969
lot_2155,5G,0.000602139
lot_2156,4G,0.0170046
lot_2156,5G,0.000619184
lot_2157,4G,0.0169892
lot_2157,5G,0.000608471
lot_2158,4G,0.0170086
lot_2158,5G,0.000615705
lot_2159,4G,0.0170085
lot_2159,5G,0.000608841
lot_2160,4G,0.0170233
lot_2160,5G,0.00059014
lot_2161,4G,0.0170033
lot_2161,5G,0.000588187
lot_2162,4G,0.0170125
lot_2162,5G,0.000605571
lot_2163,4G,0.0170002
lot_2163,5G,0.000593147
lot_2164,4G,0.0169944
lot_2164,5G,0.00059952
lot_2165,4G,0.0170007
lot_2165,5G,0.000610755
lot_2166,4G,0.0169993
lot_2166,5G,0.000596038
lot_2167,4G,0.0169971
lot_2167,5G,0.000596422
lot_2168,4G,0.0170006
lot_2168,5G,0.000602644
lot_2169,4G,0.0170104
lot_2169,5G,0.000591375
lot_2170,4G,0.0169932
lot_2170,5G,0.000583273
lot_2171,4G,0.0170015
lot_2171,5G,0.000592694
lot_2172,4G,0.0169962
lot_2172,5G,0.000603658
lot_2173,4G,0.0170006
lot_2173,5G,0.000601168
lot_2174,4G,0.0170013
lot_2174,5G,0.00059838
lot_2175,4G,0.0170063
lot_2175,5G,0.00057078
lot_2176,4G,0.0169966
lot_2176,5G,0.000611778
lot_2177,4G,0.0170063
lot_2177,5G,0.000597616
lot_2178,4G,0.0169919
lot_2178,5G,0.000605627
lot_2179,4G,0.0169972
lot_2179,5G,0.000603335
lot_2180,4G,0.0170001
lot_2180,5G,0.000607667
lot_2181,4G,0.0170027
lot_2181,5G,0.000600036
lot_2182,4G,0.0169827
lot_2182,5G,0.000610146
lot_2183,4G,0.017011
lot_2183,5G,0.000595988
lot_2184,4G,0.0169944
lot_2184,5G,0.000579586
lot_2185,4G,0.0170044
lot_2185,5G,0.000613249
lot_2186,4G,0.0170087
lot_2186,5G,0.000594137
lot_2187,4G,0.0170066
lot_2187,5G,0.000599186
lot_2188,4G,0.0169955
lot_2188,5G,0.000612309
lot_2189,4G,0.017009
lot_2189,5G,0.000594901
lot_2190,4G,0.0169991
lot_2190,5G,0.000591668
lot_2191,4G,0.0169933
lot_2191,5G,0.00058253
lot_2192,4G,0.017003
lot_2192,5G,0.000591392
lot_2193,4G,0.0170075
lot_2193,5G,0.000595191
lot_2194,4G,0.0169852
lot_2194,5G,0.000616077
lot_2195,4G,0.0170045
lot_2195,5G,0.000608647
lot_2196,4G,0.0169968
lot_2196,5G,0.000592837
lot_2197,4G,0.0169906
lot_2197,5G,0.000602509
lot_2198,4G,0.0170063
lot_2198,5G,0.000591678
lot_2199,4G,0.0170219
lot_2199,5G,0.000590585
lot_2200,4G,0.0169834
lot_2200,5G,0.000599551
lot_2201,4G,0.0170137
lot_2201,5G,0.000610009
lot_2202,4G,0.0170062
lot_2202,5G,0.000610452
lot_2203,4G,0.017027
lot_2203,5G,0.00060403
lot_2204,4G,0.016975
lot_2204,5G,0.000608863
lot_2205,4G,0.0169965
lot_2205,5G,0.00060299
lot_2206,4G,0.0170128
lot_2206,5G,0.000613278
lot_2207,4G,0.0169935
lot_2207,5G,0.000597509
lot_2208,4G,0.0170005
lot_2208,5G,0.000585478
lot_2209,4G,0.0170182
lot_2209,5G,0.000603982
